post_title,ID,post_content,post_excerpt,post_date,post_name,post_author,post_status,featured_image,wp_page_template,post_format,comment_status,ping_status,pinged,post_parent,menu_order,era_species_common_name,era_species_ecoregion,era_species_img_credit,era_species_related_projects,pods_caption,pods_alt_text,pods_description,pods_file_name,pods_title,title,meta_desc,meta-robots-noindex,meta-robots-nofollow,meta-robots-adv,bctitle,canonical,redirect,opengraph-title,opengraph-description,opengraph-image,twitter-title,twitter-description,twitter-image,google-plus-title,google-plus-description,google-plus-image,focus_keyword,schema_page_type,schema_article_type,cornerstone-content,focuskeywords,keywordsynonyms
Acacia senegal,,,,,,era_ad,publish,https://era-india.org/wp-content/uploads/2022/06/Acaciasenegal-PradipKrishen.jpg,,standard,closed,closed,,0,0,Acacia senegal,Thar Desert,,Rao Jodha Desert Rock Park,,,,,,Acacia senegal,,,,,,,,,,,,,,,,,,,,,,
Actiniopteris radiata,,,,,,era_ad,publish,https://era-india.org/wp-content/uploads/2022/06/10.Actiniopterisfern-PradipKrishen.jpg,,standard,closed,closed,,0,0,Actiniopteris radiata,Aravalli west thorn scrub forests,,Kishan Bagh,,,,,,Actiniopteris radiata,,,,,,,,,,,,,,,,,,,,,,
Actinodaphne bourdillonii,,,,,,era_ad,publish,https://era-india.org/wp-content/uploads/2022/06/Actinodaphne_bourdillonii_Andiparai_DSCN0473.jpg,,standard,closed,closed,,0,0,Actinodaphne bourdillonii,South Western Ghats Montane Rainforests,,,,,,,,Actinodaphne bourdillonii,,,,,,,,,,,,,,,,,,,,,,
Actinodaphne malabarica,,,,,,era_ad,publish,https://era-india.org/wp-content/uploads/2022/06/01-Actinodaphne_malabarica_Varattuparai-ArjunSingh.jpg,,standard,closed,closed,,0,0,Actinodaphne malabarica,South Western Ghats Montane Rainforests,,Anamalai Rainforest Restoration,,,,,,Actinodaphne malabarica,,,,,,,,,,,,,,,,,,,,,,
Aerva pseudotomentosa,,,,,,era_ad,publish,https://era-india.org/wp-content/uploads/2022/06/5.Aervapseudotomentosa-PradipKrishen.jpg,,standard,closed,closed,,0,0,Aerva pseudotomentosa,Aravalli west thorn scrub forests,,Kishan Bagh,,,,,,Aerva pseudotomentosa,,,,,,,,,,,,,,,,,,,,,,
Aglaia spectabilis,,,,,,era_ad,publish,https://era-india.org/wp-content/uploads/2022/06/1-AglaiaspectabilisAmari-NoopurBorawake.jpg,,standard,closed,closed,,0,0,Aglaia spectabilis,Eastern Himalayan broadleaf forests,,Tropical forest restoration in the Eastern Himalaya,,,,,,Aglaia spectabilis,,,,,,,,,,,,,,,,,,,,,,
Alangium salvifolium,,,,,,era_ad,publish,https://era-india.org/wp-content/uploads/2022/06/Alangium_Salvifolium_09.jpg,,standard,closed,closed,,0,0,Alangium salvifolium,North Western Ghats Montane Rainforests,,,,,,,,Alangium salvifolium,,,,,,,,,,,,,,,,,,,,,,
Albizia amara,,,,,,era_ad,publish,https://era-india.org/wp-content/uploads/2022/06/Albizia_amara_subsp._amara_5656890214.jpg,,standard,closed,closed,,0,0,Albizia amara,Deccan Thorn Scrub Forests,,,,,,,,Albizia amara,,,,,,,,,,,,,,,,,,,,,,
Albizia lathamii,,,,,,era_ad,publish,https://era-india.org/wp-content/uploads/2022/06/3.Albizialathamiicopy-ArjunSingh.jpg,,standard,closed,closed,,0,0,Albizia lathamii,Deccan thorn scrub forests,,Mine restoration in Pandalgudi,,,,,,Albizia lathamii,,,,,,,,,,,,,,,,,,,,,,
Anogeissus latifolia,,,,,,era_ad,publish,https://era-india.org/wp-content/uploads/2022/06/Anogeissus_latifolia_7988024313.jpg,,standard,closed,closed,,0,0,Anogeissus latifolia,South Deccan Plateau Dry Deciduous Forests,,,,,,,,Anogeissus latifolia,,,,,,,,,,,,,,,,,,,,,,
Anogeissus pendula,,,,,,era_ad,publish,https://era-india.org/wp-content/uploads/2022/06/ERN-Anogeissuspendula-VijayDhasmana.jpg,,standard,closed,closed,,0,0,Anogeissus pendula,Aravalli west thorn scrub forests,,Aravali Biodiversity Park,,,,,,Anogeissus pendula,,,,,,,,,,,,,,,,,,,,,,
Anogeissus sericea var. nummularia,,,,,,era_ad,publish,https://era-india.org/wp-content/uploads/2022/06/Anogeissussericeavsr.nummularia-PradipKrishen.jpg,,standard,closed,closed,,0,0,Anogeissus sericea var. nummularia,Thar Desert,,Rao Jodha Desert Rock Park,,,,,,Anogeissus sericea var. nummularia,,,,,,,,,,,,,,,,,,,,,,
Aquilaria malaccensis,,,,,,era_ad,publish,https://era-india.org/wp-content/uploads/2022/06/2-AquilariamalaccensisAgar-NoopurBorawake.jpg,,standard,closed,closed,,0,0,Aquilaria malaccensis,Eastern Himalayan broadleaf forests,,Tropical forest restoration in the Eastern Himalaya,,,,,,Aquilaria malaccensis,,,,,,,,,,,,,,,,,,,,,,
Aristolochia indica,,,,,,era_ad,publish,https://era-india.org/wp-content/uploads/2022/06/Aristolochia_indica_-_leaves.jpg,,standard,closed,closed,,0,0,Aristolochia indica,East Deccan Dry Evergreen Forests,,,,,,,,Aristolochia indica,,,,,,,,,,,,,,,,,,,,,,
Aristolochia indica,,,,,,era_ad,publish,https://era-india.org/wp-content/uploads/2022/06/Aristolochia_indica_at_Mayyil_36.jpg,,standard,closed,closed,,0,0,Aristolochia indica,North Western Ghats Moist Deciduous Forests,,,,,,,,Aristolochia indica,,,,,,,,,,,,,,,,,,,,,,
Artemisia nilagirica,,,,,,era_ad,publish,https://era-india.org/wp-content/uploads/2022/06/Artemisia_nilagirica_C.B.Clarke_Pamp._51695005044.jpg,,standard,closed,closed,,0,0,Artemisia nilagirica,South Western Ghats Montane Rainforests,,,,,,,,Artemisia nilagirica,,,,,,,,,,,,,,,,,,,,,,
Artocarpus hirsutus,,,,,,era_ad,publish,https://era-india.org/wp-content/uploads/2022/06/Artocarpus_hirsutus.jpg,,standard,closed,closed,,0,0,Artocarpus hirsutus,South Western Ghats Montane Rainforests,,,,,,,,Artocarpus hirsutus,,,,,,,,,,,,,,,,,,,,,,
Asparagus racemosus,,,,,,era_ad,publish,https://era-india.org/wp-content/uploads/2022/06/Asparagus_racemosus_0641.jpg,,standard,closed,closed,,0,0,Asparagus racemosus,North Western Ghats Moist Deciduous Forests,,,,,,,,Asparagus racemosus,,,,,,,,,,,,,,,,,,,,,,
Atalantia racemosa,,,,,,era_ad,publish,https://era-india.org/wp-content/uploads/2022/06/Makad_Limbu_22005972844.jpg,,standard,closed,closed,,0,0,Atalantia racemosa,North Western Ghats Moist Deciduous Forests,,,,,,,,Atalantia racemosa,,,,,,,,,,,,,,,,,,,,,,
Atalantia racemosa ,,,,,,era_ad,publish,https://era-india.org/wp-content/uploads/2022/06/Atalantia_monophylla-1.jpg,,standard,closed,closed,,0,0,Atalantia racemosa ,East Deccan Dry Evergreen Forests,,,,,,,,Atalantia racemosa ,,,,,,,,,,,,,,,,,,,,,,
Baccaurea courtallensis,,,,,,era_ad,publish,https://era-india.org/wp-content/uploads/2022/06/original3.jpg,,standard,closed,closed,,0,0,Baccaurea courtallensis,South Western Ghats Montane Rainforests,,,,,,,,Baccaurea courtallensis,,,,,,,,,,,,,,,,,,,,,,
Balanites roxburghii,,,,,,era_ad,publish,https://era-india.org/wp-content/uploads/2022/06/1.Balanitesroxburghiicopy-ArjunSingh.jpg,,standard,closed,closed,,0,0,Balanites roxburghii,Deccan thorn scrub forests,,Mine restoration in Pandalgudi,,,,,,Balanites roxburghii,,,,,,,,,,,,,,,,,,,,,,
"Barleria prionitis var, dicantha",,,,,,era_ad,publish,https://era-india.org/wp-content/uploads/2022/06/Barleriaprionitisvar.dicantha-PradipKrishen.jpg,,standard,closed,closed,,0,0,"Barleria prionitis var, dicantha",Thar Desert,,Rao Jodha Desert Rock Park,,,,,,"Barleria prionitis var, dicantha",,,,,,,,,,,,,,,,,,,,,,
Beilschmiedia dalzellii,,,,,,era_ad,publish,https://era-india.org/wp-content/uploads/2022/06/Beilschmiedia_dalzellii_Meisn._Kosterm._22646728865.jpg,,standard,closed,closed,,0,0,Beilschmiedia dalzellii,North Western Ghats Montane Rainforests,,,,,,,,Beilschmiedia dalzellii,,,,,,,,,,,,,,,,,,,,,,
Benkara malabarica,,,,,,era_ad,publish,https://era-india.org/wp-content/uploads/2022/06/Benkara_malabarica_5.jpg,,standard,closed,closed,,0,0,Benkara malabarica,Deccan Thorn Scrub Forests,,,,,,,,Benkara malabarica,,,,,,,,,,,,,,,,,,,,,,
Berberis tinctoria,,,,,,era_ad,publish,https://era-india.org/wp-content/uploads/2022/06/01-Berberistinctoria-ArjunSingh.jpg,,standard,closed,closed,,0,0,Berberis tinctoria,South Western Ghats montane rain forests,,Restoring hill wetlands of the Nilgiri Biosphere Reserve,,,,,,Berberis tinctoria,,,,,,,,,,,,,,,,,,,,,,
Boswellia serrata,,,,,,era_ad,publish,https://era-india.org/wp-content/uploads/2022/06/BDP005_Salai-VijayDhasmana.jpg,,standard,closed,closed,,0,0,Boswellia serrata,Aravalli west thorn scrub forests,,Aravali Biodiversity Park,,,,,,Boswellia serrata,,,,,,,,,,,,,,,,,,,,,,
Buchanania lanzan,,,,,,era_ad,publish,https://era-india.org/wp-content/uploads/2022/06/Buchanania_lanzan.jpg,,standard,closed,closed,,0,0,Buchanania lanzan,South Western Ghats Moist Deciduous forests,,Ecological restoration in Tiruvannamalai,,,,,,Buchanania lanzan,,,,,,,,,,,,,,,,,,,,,,
Butea monosperma,,,,,,era_ad,publish,https://era-india.org/wp-content/uploads/2022/06/Buteamonosperma-VArun.jpg,,standard,closed,closed,,0,0,Butea monosperma,South Deccan Plateau dry deciduous forests,,Ecological restoration in Tiruvannamalai,,,,,,Butea monosperma,,,,,,,,,,,,,,,,,,,,,,
Cadaba fruticosa,,,,,,era_ad,publish,https://era-india.org/wp-content/uploads/2022/06/Indian_Cadaba_Cadaba_fruticosa_flowering_shrub_in_Hyderabad_AP.jpg,,standard,closed,closed,,0,0,Cadaba fruticosa,Deccan Thorn Scrub Forests,,,,,,,,Cadaba fruticosa,,,,,,,,,,,,,,,,,,,,,,
Calligonum polygonoides,,,,,,era_ad,publish,https://era-india.org/wp-content/uploads/2022/06/4.Calligonum-PradipKrishen.jpg,,standard,closed,closed,,0,0,Calligonum polygonoides,Aravalli west thorn scrub forests,,Kishan Bagh,,,,,,Calligonum polygonoides,,,,,,,,,,,,,,,,,,,,,,
Calycopteris floribunda,,,,,,era_ad,publish,https://era-india.org/wp-content/uploads/2022/06/Calycopteris_floribunda_Roxb._Lam._51009238652.jpg,,standard,closed,closed,,0,0,Calycopteris floribunda,South Western Ghats Moist Deciduous forests,,,,,,,,Calycopteris floribunda,,,,,,,,,,,,,,,,,,,,,,
Canarium resiniferum,,,,,,era_ad,publish,https://era-india.org/wp-content/uploads/2022/06/3-CanariumresiniferumDhuna-NoopurBorawake.jpg,,standard,closed,closed,,0,0,Canarium resiniferum,Eastern Himalayan broadleaf forests,,Tropical forest restoration in the Eastern Himalaya,,,,,,Canarium resiniferum,,,,,,,,,,,,,,,,,,,,,,
Canarium strictum,,,,,,era_ad,publish,https://era-india.org/wp-content/uploads/2022/06/Canarium_strictum_DSCN8630.jpg,,standard,closed,closed,,0,0,Canarium strictum,South Western Ghats Montane Rainforests,,Anamalai Rainforest Restoration,,,,,,Canarium strictum,,,,,,,,,,,,,,,,,,,,,,
Canthium angustifolium,,,,,,era_ad,publish,https://era-india.org/wp-content/uploads/2022/06/Canthium_angustifolium_-_Narrow_Leaved_Canthium.jpg,,standard,closed,closed,,0,0,Canthium angustifolium,North Western Ghats Montane Rainforests,,,,,,,,Canthium angustifolium,,,,,,,,,,,,,,,,,,,,,,
Capparis brevispina,,,,,,era_ad,publish,https://era-india.org/wp-content/uploads/2022/06/Capparis_brevispina_DC._2369722495.jpg,,standard,closed,closed,,0,0,Capparis brevispina,East Deccan Dry Evergreen Forests,,,,,,,,Capparis brevispina,,,,,,,,,,,,,,,,,,,,,,
Capparis decidua,,,,,,era_ad,publish,https://era-india.org/wp-content/uploads/2022/06/Capparisdecidua-PradipKrishen.jpg,,standard,closed,closed,,0,0,Capparis decidua,Thar Desert,,Rao Jodha Desert Rock Park,,,,,,Capparis decidua,,,,,,,,,,,,,,,,,,,,,,
Careya arborea,,,,,,era_ad,publish,https://era-india.org/wp-content/uploads/2022/06/Careya_Arborea021.jpg,,standard,closed,closed,,0,0,Careya arborea,South Western Ghats Moist Deciduous forests,,,,,,,,Careya arborea,,,,,,,,,,,,,,,,,,,,,,
Carissa spinarum,,,,,,era_ad,publish,https://era-india.org/wp-content/uploads/2022/06/Carissa_spinarum_near_Hyderabad_W_IMG_7615.jpg,,standard,closed,closed,,0,0,Carissa spinarum,Deccan Thorn Scrub Forests,,,,,,,,Carissa spinarum,,,,,,,,,,,,,,,,,,,,,,
Cassia fistula,,,,,,era_ad,publish,https://era-india.org/wp-content/uploads/2022/06/Cassiafistula-VArun.jpg,,standard,closed,closed,,0,0,Cassia fistula,South Deccan Plateau dry deciduous forests,,Ecological restoration in Tiruvannamalai,,,,,,Cassia fistula,,,,,,,,,,,,,,,,,,,,,,
Cassine glauca,,,,,,era_ad,publish,https://era-india.org/wp-content/uploads/2022/06/Cassine_glauca.jpg,,standard,closed,closed,,0,0,Cassine glauca,East Deccan Dry Evergreen Forests,,Ecological restoration in Tiruvannamalai,,,,,,Cassine glauca,,,,,,,,,,,,,,,,,,,,,,
Catunaregam spinosa,,,,,,era_ad,publish,https://era-india.org/wp-content/uploads/2022/06/Mountain_Pomegranate_Catunaregam_spinosa_Ghela_by_Raju_Kasambe.jpg,,standard,closed,closed,,0,0,Catunaregam spinosa,South Deccan Plateau Dry Deciduous Forests,,,,,,,,Catunaregam spinosa,,,,,,,,,,,,,,,,,,,,,,
Chionanthus mala-elengi,,,,,,era_ad,publish,https://era-india.org/wp-content/uploads/2022/06/Chionanthus_mala-elengi_fruits.jpg,,standard,closed,closed,,0,0,Chionanthus mala-elengi,South Western Ghats Moist Deciduous forests,,,,,,,,Chionanthus mala-elengi,,,,,,,,,,,,,,,,,,,,,,
Chionanthus Zeylanica ,,,,,,era_ad,publish,https://era-india.org/wp-content/uploads/2022/06/Chionanthus_zeylanica_L._-_Flickr_-_lalithamba.jpg,,standard,closed,closed,,0,0,Chionanthus Zeylanica ,East Deccan Dry Evergreen Forests,,,,,,,,Chionanthus Zeylanica ,,,,,,,,,,,,,,,,,,,,,,
Chloroxylon swietenia,,,,,,era_ad,publish,https://era-india.org/wp-content/uploads/2022/06/Chloroxylon_swietenia_04.jpg,,standard,closed,closed,,0,0,Chloroxylon swietenia,Deccan Thorn Scrub Forests,,Ecological restoration in Tiruvannamalai,,,,,,Chloroxylon swietenia,,,,,,,,,,,,,,,,,,,,,,
Chrysopogon zeylanicus,,,,,,era_ad,publish,https://era-india.org/wp-content/uploads/2022/06/chryspogon1.jpg,,standard,closed,closed,,0,0,Chrysopogon zeylanicus,South Western Ghats Montane Rainforests,,Restoring hill wetlands of the Nilgiri Biosphere Reserve,,,,,,Chrysopogon zeylanicus,,,,,,,,,,,,,,,,,,,,,,
Cinnamomum malabatrum,,,,,,era_ad,publish,https://era-india.org/wp-content/uploads/2022/06/04-Cinnamomum_malabatrum_2_by_Vijay-ArjunSingh.jpg,,standard,closed,closed,,0,0,,South Western Ghats Montane Rainforests,,Anamalai Rainforest Restoration,,,,,,Cinnamomum malabatrum,,,,,,,,,,,,,,,,,,,,,,
Cinnamomum wightii,,,,,,era_ad,publish,https://era-india.org/wp-content/uploads/2022/06/Cinnamomum_wightii_-_at_Ooty_2014.jpg,,standard,closed,closed,,0,0,Cinnamomum wightii,South Western Ghats Montane Rainforests,,,,,,,,Cinnamomum wightii,,,,,,,,,,,,,,,,,,,,,,
Cleistanthus collinus,,,,,,era_ad,publish,https://era-india.org/wp-content/uploads/2022/06/Cleistanthuscollinus-VArun.jpg,,standard,closed,closed,,0,0,Cleistanthus collinus,South Deccan Plateau dry deciduous forests,,Ecological restoration in Tiruvannamalai,,,,,,Cleistanthus collinus,,,,,,,,,,,,,,,,,,,,,,
Clerodendrum phlomidis,,,,,,era_ad,publish,https://era-india.org/wp-content/uploads/2022/06/8.Clerodendrumphlomidis-PradipKrishen.jpg,,standard,closed,closed,,0,0,Clerodendrum phlomidis,Aravalli west thorn scrub forests,,Kishan Bagh,,,,,,Clerodendrum phlomidis,,,,,,,,,,,,,,,,,,,,,,
Cocculus pendulus,,,,,,era_ad,publish,https://era-india.org/wp-content/uploads/2022/06/Cocculuspendulus-PradipKrishen.jpg,,standard,closed,closed,,0,0,Cocculus pendulus,Thar Desert,,Rao Jodha Desert Rock Park,,,,,,Cocculus pendulus,,,,,,,,,,,,,,,,,,,,,,
Combretum ovalifolium,,,,,,era_ad,publish,https://era-india.org/wp-content/uploads/2022/06/Combretum_ovalifolium_07.jpg,,standard,closed,closed,,0,0,Combretum ovalifolium,South Western Ghats Moist Deciduous forests,,,,,,,,Combretum ovalifolium,,,,,,,,,,,,,,,,,,,,,,
Commiphora caudata,,,,,,era_ad,publish,https://era-india.org/wp-content/uploads/2022/06/original.jpg,,standard,closed,closed,,0,0,Commiphora caudata,Deccan Thorn Scrub Forests,,,,,,,,Commiphora caudata,,,,,,,,,,,,,,,,,,,,,,
Cordia obliqua,,,,,,era_ad,publish,https://era-india.org/wp-content/uploads/2022/06/Cordia_dichotoma_flowers_and_foliage.jpg,,standard,closed,closed,,0,0,Cordia obliqua,North Western Ghats Moist Deciduous Forests,,,,,,,,Cordia obliqua,,,,,,,,,,,,,,,,,,,,,,
Cordia sinensis,,,,,,era_ad,publish,https://era-india.org/wp-content/uploads/2022/06/BDP022_Goondi-VijayDhasmana.jpg,,standard,closed,closed,,0,0,Cordia sinensis,Aravalli west thorn scrub forests,,Aravali Biodiversity Park,,,,,,Cordia sinensis,,,,,,,,,,,,,,,,,,,,,,
Crotalaria burhia,,,,,,era_ad,publish,https://era-india.org/wp-content/uploads/2022/06/3.Crotalariaburhia-PradipKrishen.jpg,,standard,closed,closed,,0,0,Crotalaria burhia,Aravalli west thorn scrub forests,,Kishan Bagh,,,,,,Crotalaria burhia,,,,,,,,,,,,,,,,,,,,,,
Cullenia exarillata,,,,,,era_ad,publish,https://era-india.org/wp-content/uploads/2022/06/Culleniaexarillata-SuprabhaSeshan.jpg,,standard,closed,closed,,0,0,Cullenia exarillata,South Western Ghats Montane Rainforests,,"Anamalai Rainforest Restoration, Rewilding plantations and degraded forest in Western Wayanad",,,,,,Cullenia exarillata,,,,,,,,,,,,,,,,,,,,,,
Cyanotis spp and others,,,,,,era_ad,publish,https://era-india.org/wp-content/uploads/2022/06/9.Cyanotisetal-PradipKrishen.jpg,,standard,closed,closed,,0,0,Cyanotis spp and others,Aravalli west thorn scrub forests,,Kishan Bagh,,,,,,Cyanotis spp and others,,,,,,,,,,,,,,,,,,,,,,
Cyathea spinulosa,,,,,,era_ad,publish,https://era-india.org/wp-content/uploads/2022/06/Cyatheanilgirensis-SuprabhaSeshan.jpg,,standard,closed,closed,,0,0,Cyathea spinulosa,South Western Ghats montane rain forests,,Rewilding plantations and degraded forest in Western Wayanad,,,,,,Cyathea spinulosa,,,,,,,,,,,,,,,,,,,,,,
Debregeasia longifolia,,,,,,era_ad,publish,https://era-india.org/wp-content/uploads/2022/06/03-Debregeasialongifolia-ArjunSingh.jpg,,standard,closed,closed,,0,0,Debregeasia longifolia,South Western Ghats montane rain forests,,Restoring hill wetlands of the Nilgiri Biosphere Reserve,,,,,,Debregeasia longifolia,,,,,,,,,,,,,,,,,,,,,,
Deccania pubescens,,,,,,era_ad,publish,https://era-india.org/wp-content/uploads/2022/06/original2.jpg,,standard,closed,closed,,0,0,Deccania pubescens,Deccan Thorn Scrub Forests,,,,,,,,Deccania pubescens,,,,,,,,,,,,,,,,,,,,,,
Desmodium pulchellum,,,,,,era_ad,publish,https://era-india.org/wp-content/uploads/2022/06/Flemingia_chhapar_is_it-_in_Narshapur_forest_AP_W_IMG_0850.jpg,,standard,closed,closed,,0,0,Desmodium pulchellum,South Western Ghats Moist Deciduous forests,,,,,,,,Desmodium pulchellum,,,,,,,,,,,,,,,,,,,,,,
Dillenia pentagyna,,,,,,era_ad,publish,https://era-india.org/wp-content/uploads/2022/06/Revada_8460742535.jpg,,standard,closed,closed,,0,0,Dillenia pentagyna,North Western Ghats Moist Deciduous Forests,,,,,,,,Dillenia pentagyna,,,,,,,,,,,,,,,,,,,,,,
Dimorphocalyx glabellus,,,,,,era_ad,publish,https://era-india.org/wp-content/uploads/2022/06/Dimorphocalyx_glabellus_var._lawianus_5086236443.jpg,,standard,closed,closed,,0,0,Dimorphocalyx glabellus,East Deccan Dry Evergreen Forests,,,,,,,,Dimorphocalyx glabellus,,,,,,,,,,,,,,,,,,,,,,
Dioscorea oppositifolia,,,,,,era_ad,publish,https://era-india.org/wp-content/uploads/2022/06/Dioscorea_oppositifolia_L._32581398877.jpg,,standard,closed,closed,,0,0,Dioscorea oppositifolia,North Western Ghats Moist Deciduous Forests,,,,,,,,Dioscorea oppositifolia,,,,,,,,,,,,,,,,,,,,,,
Dioscorea pentaphylla,,,,,,era_ad,publish,https://era-india.org/wp-content/uploads/2022/06/Shendvel_2901703221.jpg,,standard,closed,closed,,0,0,Dioscorea pentaphylla,South Western Ghats Moist Deciduous forests,,,,,,,,Dioscorea pentaphylla,,,,,,,,,,,,,,,,,,,,,,
Diospyros chloroxylon,,,,,,era_ad,publish,https://era-india.org/wp-content/uploads/2022/06/Diospyros_chloroxylon_in_Hyderabad_W_IMG_9477.jpg,,standard,closed,closed,,0,0,Diospyros chloroxylon,East Deccan Dry Evergreen Forests,,,,,,,,Diospyros chloroxylon,,,,,,,,,,,,,,,,,,,,,,
Diospyros ebenum,,,,,,era_ad,publish,https://era-india.org/wp-content/uploads/2022/06/Diospyrosebenum-VArun.jpg,,standard,closed,closed,,0,0,Diospyros ebenum,South Deccan Plateau dry deciduous forests,,Ecological restoration in Tiruvannamalai,,,,,,Diospyros ebenum,,,,,,,,,,,,,,,,,,,,,,
Diospyros ferrea var. buxifolia,,,,,,era_ad,publish,https://era-india.org/wp-content/uploads/2022/06/Diospyros_ferrea_Willd.Bakh_.var_.buxifolia_Rottb.Bakh_..jpg,,standard,closed,closed,,0,0,Diospyros ferrea var. buxifolia,East Deccan Dry Evergreen Forests,,,,,,,,Diospyros ferrea var. buxifolia,,,,,,,,,,,,,,,,,,,,,,
Diospyros montana,,,,,,era_ad,publish,https://era-india.org/wp-content/uploads/2022/06/Diospyros_montana_Roxb._3641001293.jpg,,standard,closed,closed,,0,0,Diospyros montana,South Deccan Plateau Dry Deciduous Forests,,,,,,,,Diospyros montana,,,,,,,,,,,,,,,,,,,,,,
Diospyros sylvatica,,,,,,era_ad,publish,https://era-india.org/wp-content/uploads/2022/06/05-Diospyros_sylvatica_Old_Valparai_DSCN0496-ArjunSingh.jpg,,standard,closed,closed,,0,0,,South Western Ghats Montane Rainforests,,Anamalai Rainforest Restoration,,,,,,Diospyros sylvatica,,,,,,,,,,,,,,,,,,,,,,
Disperis zeylanica,,,,,,era_ad,publish,https://era-india.org/wp-content/uploads/2022/06/Disperiszeylanica-SuprabhaSeshan.jpg,,standard,closed,closed,,0,0,Disperis zeylanica,South Western Ghats montane rain forests,,Rewilding plantations and degraded forest in Western Wayanad,,,,,,Disperis zeylanica,,,,,,,,,,,,,,,,,,,,,,
Dodonaea viscosa,,,,,,era_ad,publish,https://era-india.org/wp-content/uploads/2022/06/Dodonaea_viscosa_Flipphi_1.jpg,,standard,closed,closed,,0,0,Dodonaea viscosa,Deccan Thorn Scrub Forests,,,,,,,,Dodonaea viscosa,,,,,,,,,,,,,,,,,,,,,,
Dodonaea viscosa,,,,,,era_ad,publish,https://era-india.org/wp-content/uploads/2022/06/Dodonaea_viscosa_in_Mexico.jpg,,standard,closed,closed,,0,0,Dodonaea viscosa,South Deccan Plateau Dry Deciduous Forests,,,,,,,,Dodonaea viscosa,,,,,,,,,,,,,,,,,,,,,,
Drypetes malabarica,,,,,,era_ad,publish,https://era-india.org/wp-content/uploads/2022/06/1.jpg,,standard,closed,closed,,0,0,Drypetes malabarica,South Western Ghats Montane Rainforests,,,,,,,,Drypetes malabarica,,,,,,,,,,,,,,,,,,,,,,
Drypetes sepiaria,,,,,,era_ad,publish,https://era-india.org/wp-content/uploads/2022/06/Drypetes_sepiaria_leaves.jpg,,standard,closed,closed,,0,0,Drypetes sepiaria,East Deccan Dry Evergreen Forests,,,,,,,,Drypetes sepiaria,,,,,,,,,,,,,,,,,,,,,,
Ehretia laevis,,,,,,era_ad,publish,https://era-india.org/wp-content/uploads/2022/06/Charmavriksha_2092967743.jpg,,standard,closed,closed,,0,0,Ehretia laevis,North Western Ghats Montane Rainforests,,,,,,,,Ehretia laevis,,,,,,,,,,,,,,,,,,,,,,
Elaeocarpus sphaericus,,,,,,era_ad,publish,https://era-india.org/wp-content/uploads/2022/06/4-ElaeocarpussphaericusRudraksh-NoopurBorawake.jpg,,standard,closed,closed,,0,0,Elaeocarpus sphaericus,Eastern Himalayan broadleaf forests,,Tropical forest restoration in the Eastern Himalaya,,,,,,Elaeocarpus sphaericus,,,,,,,,,,,,,,,,,,,,,,
Elaeocarpus tuberculatus,,,,,,era_ad,publish,https://era-india.org/wp-content/uploads/2022/06/06-Elaeocarpus_tuberculatus_001-ArjunSingh.jpg,,standard,closed,closed,,0,0,Elaeocarpus tuberculatus,South Western Ghats Montane Rainforests,,Anamalai Rainforest Restoration,,,,,,Elaeocarpus tuberculatus,,,,,,,,,,,,,,,,,,,,,,
Elaeocarpus variabilis,,,,,,era_ad,publish,https://era-india.org/wp-content/uploads/2022/06/04-Elaeocarpusvariabilis-ArjunSingh.jpg,,standard,closed,closed,,0,0,Elaeocarpus variabilis,South Western Ghats montane rain forests,,Restoring hill wetlands of the Nilgiri Biosphere Reserve,,,,,,Elaeocarpus variabilis,,,,,,,,,,,,,,,,,,,,,,
Ephedra foliata,,,,,,era_ad,publish,https://era-india.org/wp-content/uploads/2022/06/Ephedrafoliata-PradipKrishen.jpg,,standard,closed,closed,,0,0,Ephedra foliata,Thar Desert,,Rao Jodha Desert Rock Park,,,,,,Ephedra foliata,,,,,,,,,,,,,,,,,,,,,,
Erythrina stricta,,,,,,era_ad,publish,https://era-india.org/wp-content/uploads/2022/06/Raktamandar_3292344859.jpg,,standard,closed,closed,,0,0,Erythrina stricta,North Western Ghats Moist Deciduous Forests,,,,,,,,Erythrina stricta,,,,,,,,,,,,,,,,,,,,,,
Euphorbia caducifolia,,,,,,era_ad,publish,https://era-india.org/wp-content/uploads/2022/06/Euphorbiacaducifolia-PradipKrishen.jpg,,standard,closed,closed,,0,0,Euphorbia caducifolia,Thar Desert,,Rao Jodha Desert Rock Park,,,,,,Euphorbia caducifolia,,,,,,,,,,,,,,,,,,,,,,
Euphorbia khandallensis (syn. Euphorbia panchganiensis),,,,,,era_ad,publish,https://era-india.org/wp-content/uploads/2022/06/EuphorbiakhandallensisEpanchganiensis-AparnaWatve.jpg,,standard,closed,closed,,0,0,Euphorbia khandallensis (syn. Euphorbia panchganiensis),"North Western Ghats Moist Deciduous Forests, North Western Ghats Montane Rainforests",,Ecological Restoration of Panchgani tableland,,,,,,Euphorbia khandallensis (syn. Euphorbia panchganiensis),,,,,,,,,,,,,,,,,,,,,,
Ficus drupacea,,,,,,era_ad,publish,https://era-india.org/wp-content/uploads/2022/06/Ficus_drupacea_var._pubescens_mysorensis_AJT_Johnsingh.jpg,,standard,closed,closed,,0,0,Ficus drupacea,South Western Ghats Montane Rainforests,,,,,,,,Ficus drupacea,,,,,,,,,,,,,,,,,,,,,,
Ficus mollus,,,,,,era_ad,publish,https://era-india.org/wp-content/uploads/2022/06/Ficusmollus-VArun.jpg,,standard,closed,closed,,0,0,Ficus mollus,South Deccan Plateau dry deciduous forests,,Ecological restoration in Tiruvannamalai,,,,,,Ficus mollus,,,,,,,,,,,,,,,,,,,,,,
Flueggea leucopyrus,,,,,,era_ad,publish,https://era-india.org/wp-content/uploads/2022/06/ERN_Flueggealeucopyrus-VijayDhasmana.jpg,,standard,closed,closed,,0,0,Flueggea leucopyrus,Aravalli west thorn scrub forests,,Aravali Biodiversity Park,,,,,,Flueggea leucopyrus,,,,,,,,,,,,,,,,,,,,,,
Garcinia gummi-gutta,,,,,,era_ad,publish,https://era-india.org/wp-content/uploads/2022/06/Garcinia_gummi-gutta_Kerala.jpg,,standard,closed,closed,,0,0,Garcinia gummi-gutta,South Western Ghats Montane Rainforests,,,,,,,,Garcinia gummi-gutta,,,,,,,,,,,,,,,,,,,,,,
Garcinia morella,,,,,,era_ad,publish,https://era-india.org/wp-content/uploads/2022/06/Garcinia_morella-1-chemungi-kerala-India.jpg,,standard,closed,closed,,0,0,Garcinia morella,North Western Ghats Montane Rainforests,,,,,,,,Garcinia morella,,,,,,,,,,,,,,,,,,,,,,
Gardenia gummifera,,,,,,era_ad,publish,https://era-india.org/wp-content/uploads/2022/06/Gardenia_gummifera_22.jpg,,standard,closed,closed,,0,0,Gardenia gummifera,Deccan Thorn Scrub Forests,,,,,,,,Gardenia gummifera,,,,,,,,,,,,,,,,,,,,,,
Givotia moluccana,,,,,,era_ad,publish,https://era-india.org/wp-content/uploads/2022/06/Givotia_moluccana_04.jpg,,standard,closed,closed,,0,0,Givotia moluccana,Deccan Thorn Scrub Forests,,,,,,,,Givotia moluccana,,,,,,,,,,,,,,,,,,,,,,
Givottia rottleformis,,,,,,era_ad,publish,https://era-india.org/wp-content/uploads/2022/06/Givottiarottleformis-VArun.jpg,,standard,closed,closed,,0,0,Givottia rottleformis,South Deccan Plateau dry deciduous forests,,Ecological restoration in Tiruvannamalai,,,,,,Givottia rottleformis,,,,,,,,,,,,,,,,,,,,,,
Gnetum ula,,,,,,era_ad,publish,https://era-india.org/wp-content/uploads/2022/06/Gnetum_ula_Thalaicauvery_WLS_March_2010_AJT_Johnsingh.jpg,,standard,closed,closed,,0,0,Gnetum ula,North Western Ghats Montane Rainforests,,,,,,,,Gnetum ula,,,,,,,,,,,,,,,,,,,,,,
Gnidia glauca,,,,,,era_ad,publish,https://era-india.org/wp-content/uploads/2022/06/Gnidia_glauca_02.jpg,,standard,closed,closed,,0,0,Gnidia glauca,North Western Ghats Moist Deciduous Forests,,,,,,,,Gnidia glauca,,,,,,,,,,,,,,,,,,,,,,
Grewia asiatica,,,,,,era_ad,publish,https://era-india.org/wp-content/uploads/2022/06/Grewia_asiatica_4400631078.jpg,,standard,closed,closed,,0,0,Grewia asiatica,South Deccan Plateau Dry Deciduous Forests,,,,,,,,Grewia asiatica,,,,,,,,,,,,,,,,,,,,,,
Gymnema sylvestre,,,,,,era_ad,publish,https://era-india.org/wp-content/uploads/2022/06/Gymnema_sylvestre.jpg,,standard,closed,closed,,0,0,Gymnema sylvestre,North Western Ghats Moist Deciduous Forests,,,,,,,,Gymnema sylvestre,,,,,,,,,,,,,,,,,,,,,,
Gymnosporia senegalensis,,,,,,era_ad,publish,https://era-india.org/wp-content/uploads/2022/06/Gymnosporiasenegalensis-PradipKrishen.jpg,,standard,closed,closed,,0,0,Gymnosporia senegalensis,Thar Desert,,Rao Jodha Desert Rock Park,,,,,,Gymnosporia senegalensis,,,,,,,,,,,,,,,,,,,,,,
Habenaria longicornu,,,,,,era_ad,publish,https://era-india.org/wp-content/uploads/2022/06/Habenarialongicornu-SuprabhaSeshan.jpg,,standard,closed,closed,,0,0,Habenaria longicornu,South Western Ghats montane rain forests,,Rewilding plantations and degraded forest in Western Wayanad,,,,,,Habenaria longicornu,,,,,,,,,,,,,,,,,,,,,,
Habenaria suaveolens (syn. Habenaria panchganiensis),,,,,,era_ad,publish,https://era-india.org/wp-content/uploads/2022/06/HabenariasuaveolensHpanchganiensis-AparnaWatve.jpg,,standard,closed,closed,,0,0,Habenaria suaveolens (syn. Habenaria panchganiensis),"North Western Ghats Moist Deciduous Forests, North Western Ghats Montane Rainforests",,Ecological Restoration of Panchgani tableland,,,,,,Habenaria suaveolens (syn. Habenaria panchganiensis),,,,,,,,,,,,,,,,,,,,,,
Helicteres isora,,,,,,era_ad,publish,https://era-india.org/wp-content/uploads/2022/06/Helicteres_isora_East_Indian_screw_tree_W_IMG_1245.jpg,,standard,closed,closed,,0,0,Helicteres isora,South Deccan Plateau Dry Deciduous Forests,,,,,,,,Helicteres isora,,,,,,,,,,,,,,,,,,,,,,
Heritiera papilio,,,,,,era_ad,publish,https://era-india.org/wp-content/uploads/2022/06/08-Heritierapapilio-SiddharthMachado-ArjunSingh.jpg,,standard,closed,closed,,0,0,Heritiera papilio,South Western Ghats Montane Rainforests,,Anamalai Rainforest Restoration,,,,,,Heritiera papilio,,,,,,,,,,,,,,,,,,,,,,
Heteropogon contortus,,,,,,era_ad,publish,https://era-india.org/wp-content/uploads/2022/06/Starr_060405-6950_Heteropogon_contortus.jpg,,standard,closed,closed,,0,0,Heteropogon contortus,South Western Ghats Montane Rainforests,,,,,,,,Heteropogon contortus,,,,,,,,,,,,,,,,,,,,,,
Heydychium flavescens,,,,,,era_ad,publish,https://era-india.org/wp-content/uploads/2022/06/05-Heydychiumflavescens-ArjunSingh.jpg,,standard,closed,closed,,0,0,Heydychium flavescens,South Western Ghats montane rain forests,,Restoring hill wetlands of the Nilgiri Biosphere Reserve,,,,,,Heydychium flavescens,,,,,,,,,,,,,,,,,,,,,,
Hiptage benghalensis,,,,,,era_ad,publish,https://era-india.org/wp-content/uploads/2022/06/Hiptage_benghalensis.jpg,,standard,closed,closed,,0,0,Hiptage benghalensis,South Deccan Plateau Dry Deciduous Forests,,,,,,,,Hiptage benghalensis,,,,,,,,,,,,,,,,,,,,,,
Hopea parviflora,,,,,,era_ad,publish,https://era-india.org/wp-content/uploads/2022/06/Hopea_parviflora.jpg,,standard,closed,closed,,0,0,Hopea parviflora,South Western Ghats Moist Deciduous forests,,,,,,,,Hopea parviflora,,,,,,,,,,,,,,,,,,,,,,
Hopea ponga,,,,,,era_ad,publish,https://era-india.org/wp-content/uploads/2022/06/Hopea_Ponga_07.jpg,,standard,closed,closed,,0,0,Hopea ponga,North Western Ghats Montane Rainforests,,,,,,,,Hopea ponga,,,,,,,,,,,,,,,,,,,,,,
Horsfieldia kingii,,,,,,era_ad,publish,https://era-india.org/wp-content/uploads/2022/06/5-HorsfieldiakingiiRamtamul-NoopurBorawake.jpg,,standard,closed,closed,,0,0,Horsfieldia kingii,Eastern Himalayan broadleaf forests,,Tropical forest restoration in the Eastern Himalaya,,,,,,Horsfieldia kingii,,,,,,,,,,,,,,,,,,,,,,
Hydnocarpus pentandra ,,,,,,era_ad,publish,https://era-india.org/wp-content/uploads/2022/06/Garudaphala_5662074766.jpg,,standard,closed,closed,,0,0,Hydnocarpus pentandra ,South Western Ghats Montane Rainforests,,,,,,,,Hydnocarpus pentandra ,,,,,,,,,,,,,,,,,,,,,,
Impatiens acaulis,,,,,,era_ad,publish,https://era-india.org/wp-content/uploads/2022/06/ImpatiensacauliswithOberoniasp.andferns-SuprabhaSeshan.jpg,,standard,closed,closed,,0,0,Impatiens acaulis,South Western Ghats montane rain forests,,Rewilding plantations and degraded forest in Western Wayanad,,,,,,Impatiens acaulis,,,,,,,,,,,,,,,,,,,,,,
Ixora nigricans,,,,,,era_ad,publish,https://era-india.org/wp-content/uploads/2022/06/Ixora_nigricans_08.jpg,,standard,closed,closed,,0,0,Ixora nigricans,South Western Ghats Montane Rainforests,,,,,,,,Ixora nigricans,,,,,,,,,,,,,,,,,,,,,,
Jasminum angustifolium,,,,,,era_ad,publish,https://era-india.org/wp-content/uploads/2022/06/Jasminum_angustifolium_48922729886.jpg,,standard,closed,closed,,0,0,Jasminum angustifolium,East Deccan Dry Evergreen Forests,,,,,,,,Jasminum angustifolium,,,,,,,,,,,,,,,,,,,,,,
Knema attenuata,,,,,,era_ad,publish,https://era-india.org/wp-content/uploads/2022/06/Knema_attenuata-Bhoothathaankettu_03.jpg,,standard,closed,closed,,0,0,Knema attenuata,North Western Ghats Montane Rainforests,,,,,,,,Knema attenuata,,,,,,,,,,,,,,,,,,,,,,
Lagerstroemia microcarpa,,,,,,era_ad,publish,https://era-india.org/wp-content/uploads/2022/06/Lagerstroemia_microcarpa_5785262462.jpg,,standard,closed,closed,,0,0,Lagerstroemia microcarpa,South Western Ghats Moist Deciduous forests ,,,,,,,,Lagerstroemia microcarpa,,,,,,,,,,,,,,,,,,,,,,
Lepidagathis trinervis,,,,,,era_ad,publish,https://era-india.org/wp-content/uploads/2022/06/Lepidagathistrinervis-PradipKrishen.jpg,,standard,closed,closed,,0,0,Lepidagathis trinervis,Thar Desert,,Rao Jodha Desert Rock Park,,,,,,Lepidagathis trinervis,,,,,,,,,,,,,,,,,,,,,,
Lepisanthes tetraphylla,,,,,,era_ad,publish,https://era-india.org/wp-content/uploads/2022/06/Lepisanthes_tetraphylla_near_Perumbadi_5.jpg,,standard,closed,closed,,0,0,Lepisanthes tetraphylla,East Deccan Dry Evergreen Forests,,,,,,,,Lepisanthes tetraphylla,,,,,,,,,,,,,,,,,,,,,,
Ligustrum Sp. ,,,,,,era_ad,publish,https://era-india.org/wp-content/uploads/2022/06/06-Ligustrum-ArjunSingh.jpg,,standard,closed,closed,,0,0,Ligustrum Sp. ,South Western Ghats montane rain forests,,Restoring hill wetlands of the Nilgiri Biosphere Reserve,,,,,,Ligustrum Sp. ,,,,,,,,,,,,,,,,,,,,,,
Litsea coriacea,,,,,,era_ad,publish,https://era-india.org/wp-content/uploads/2022/06/Pannithali_30296526733.jpg,,standard,closed,closed,,0,0,Litsea coriacea,South Western Ghats Moist Deciduous forests,,,,,,,,Litsea coriacea,,,,,,,,,,,,,,,,,,,,,,
Litsea glutinosa,,,,,,era_ad,publish,https://era-india.org/wp-content/uploads/2022/06/Litsea_glutinosa_6.jpg,,standard,closed,closed,,0,0,Litsea glutinosa,North Western Ghats Moist Deciduous Forests,,,,,,,,Litsea glutinosa,,,,,,,,,,,,,,,,,,,,,,
Litsea oleoides,,,,,,era_ad,publish,https://era-india.org/wp-content/uploads/2022/06/09-Litseaoleoides-Srini-ArjunSingh.jpg,,standard,closed,closed,,0,0,Litsea oleoides,South Western Ghats Montane Rainforests,,Anamalai Rainforest Restoration,,,,,,Litsea oleoides,,,,,,,,,,,,,,,,,,,,,,
Livistona jenkinsiana,,,,,,era_ad,publish,https://era-india.org/wp-content/uploads/2022/06/6-LivistonajenkinsianaTokko-NoopurBorawake.jpg,,standard,closed,closed,,0,0,Livistona jenkinsiana,Eastern Himalayan broadleaf forests,,Tropical forest restoration in the Eastern Himalaya,,,,,,Livistona jenkinsiana,,,,,,,,,,,,,,,,,,,,,,
Maesa indica,,,,,,era_ad,publish,https://era-india.org/wp-content/uploads/2022/06/Maesa_indica_Roxb._Sweet_51937034316.jpg,,standard,closed,closed,,0,0,Maesa indica,South Western Ghats Moist Deciduous forests,,,,,,,,Maesa indica,,,,,,,,,,,,,,,,,,,,,,
Malaxis versicolor,,,,,,era_ad,publish,https://era-india.org/wp-content/uploads/2022/06/Malaxisversicolor-SuprabhaSeshan.jpg,,standard,closed,closed,,0,0,Malaxis versicolor,South Western Ghats montane rain forests,,Rewilding plantations and degraded forest in Western Wayanad,,,,,,Malaxis versicolor,,,,,,,,,,,,,,,,,,,,,,
Mallotus philippensis,,,,,,era_ad,publish,https://era-india.org/wp-content/uploads/2022/06/Mallotus_philippensis_fruits_5358.jpg,,standard,closed,closed,,0,0,Mallotus philippensis,South Deccan Plateau Dry Deciduous Forests,,,,,,,,Mallotus philippensis,,,,,,,,,,,,,,,,,,,,,,
Meliosma simplicifolia,,,,,,era_ad,publish,https://era-india.org/wp-content/uploads/2022/06/Meliosma_simplicifolia_31.jpg,,standard,closed,closed,,0,0,Meliosma simplicifolia,South Western Ghats Montane Rainforests,,,,,,,,Meliosma simplicifolia,,,,,,,,,,,,,,,,,,,,,,
Memecylon malabaricum,,,,,,era_ad,publish,https://era-india.org/wp-content/uploads/2022/06/Memecylon_Malabaricum_33845187453.jpg,,standard,closed,closed,,0,0,Memecylon malabaricum,South Western Ghats Moist Deciduous forests,,,,,,,,Memecylon malabaricum,,,,,,,,,,,,,,,,,,,,,,
Memecylon umbellatum,,,,,,era_ad,publish,https://era-india.org/wp-content/uploads/2022/06/Memecylon_umbellatum_2396029326.jpg,,standard,closed,closed,,0,0,Memecylon umbellatum,East Deccan Dry Evergreen Forests,,,,,,,,Memecylon umbellatum,,,,,,,,,,,,,,,,,,,,,,
Mesua ferrea,,,,,,era_ad,publish,https://era-india.org/wp-content/uploads/2022/06/Mesua_ferrea_L._49573366098.jpg,,standard,closed,closed,,0,0,Mesua ferrea,South Western Ghats Montane Rainforests,,Anamalai Rainforest Restoration,,,,,,Mesua ferrea,,,,,,,,,,,,,,,,,,,,,,
Miliusa tomentosa,,,,,,era_ad,publish,https://era-india.org/wp-content/uploads/2022/06/Miliusa_tomentosa_5.jpg,,standard,closed,closed,,0,0,Miliusa tomentosa,North Western Ghats Moist Deciduous Forests,,,,,,,,Miliusa tomentosa,,,,,,,,,,,,,,,,,,,,,,
Millettia Pinata,,,,,,era_ad,publish,https://era-india.org/wp-content/uploads/2022/06/07-Pongamiapinnata-ArjunSingh.jpg,,standard,closed,closed,,0,0,Millettia Pinata,South Western Ghats montane rain forests,,Restoring hill wetlands of the Nilgiri Biosphere Reserve,,,,,,Millettia Pinata,,,,,,,,,,,,,,,,,,,,,,
Mitragyna parvifolia,,,,,,era_ad,publish,https://era-india.org/wp-content/uploads/2022/06/BDP023_Kaim-VijayDhasmana.jpg,,standard,closed,closed,,0,0,Mitragyna parvifolia,Aravalli west thorn scrub forests,,Aravali Biodiversity Park,,,,,,Mitragyna parvifolia,,,,,,,,,,,,,,,,,,,,,,
Moringa concanensis,,,,,,era_ad,publish,https://era-india.org/wp-content/uploads/2022/06/ERN_moringaconcanensis-VijayDhasmana.jpg,,standard,closed,closed,,0,0,Moringa concanensis,Aravalli west thorn scrub forests,,Aravali Biodiversity Park,,,,,,Moringa concanensis,,,,,,,,,,,,,,,,,,,,,,
Murraya koenigii,,,,,,era_ad,publish,https://era-india.org/wp-content/uploads/2022/06/Murraya_koenigii_Curry_leaf_leaves_in_RDA_Bogra_01.jpg,,standard,closed,closed,,0,0,Murraya koenigii,North Western Ghats Moist Deciduous Forests,,,,,,,,Murraya koenigii,,,,,,,,,,,,,,,,,,,,,,
Murraya paniculata,,,,,,era_ad,publish,https://era-india.org/wp-content/uploads/2022/06/Orange_Jasmine_Murraya_paniculata_1.jpg,,standard,closed,closed,,0,0,Murraya paniculata,Deccan Thorn Scrub Forests,,,,,,,,Murraya paniculata,,,,,,,,,,,,,,,,,,,,,,
Naringi crenulata,,,,,,era_ad,publish,https://era-india.org/wp-content/uploads/2022/06/Naringi_crenulata_3641.jpg,,standard,closed,closed,,0,0,Naringi crenulata,Deccan Thorn Scrub Forests,,,,,,,,Naringi crenulata,,,,,,,,,,,,,,,,,,,,,,
Neolamarckia cadamba,,,,,,era_ad,publish,https://era-india.org/wp-content/uploads/2022/06/Cadamba_tree_Neolamarckia_cadamba_by_Raju_Kasambe.jpg,,standard,closed,closed,,0,0,Neolamarckia cadamba,North Western Ghats Moist Deciduous Forests,,,,,,,,Neolamarckia cadamba,,,,,,,,,,,,,,,,,,,,,,
Ophioglossum reticulatum,,,,,,era_ad,publish,https://era-india.org/wp-content/uploads/2022/06/Ophioglossumreticulatum-SuprabhaSeshan.jpg,,standard,closed,closed,,0,0,Ophioglossum reticulatum,South Western Ghats montane rain forests,,Rewilding plantations and degraded forest in Western Wayanad,,,,,,Ophioglossum reticulatum,,,,,,,,,,,,,,,,,,,,,,
Orophea erythrocarpa,,,,,,era_ad,publish,https://era-india.org/wp-content/uploads/2022/06/orophea2.jpg,,standard,closed,closed,,0,0,Orophea erythrocarpa,South Western Ghats Montane Rainforests,,,,,,,,Orophea erythrocarpa,,,,,,,,,,,,,,,,,,,,,,
Palaquium ellipticum,,,,,,era_ad,publish,https://era-india.org/wp-content/uploads/2022/06/07-Palaquium_ellipticum_in_Anamalais_IMG_20201208_105724-ArjunSingh.jpg,,standard,closed,closed,,0,0,Palaquium ellipticum,South Western Ghats Montane Rainforests,,Anamalai Rainforest Restoration,,,,,,Palaquium ellipticum,,,,,,,,,,,,,,,,,,,,,,
Panicum turgidum,,,,,,era_ad,publish,https://era-india.org/wp-content/uploads/2022/06/6.Panicumturgidum-PradipKrishen.jpg,,standard,closed,closed,,0,0,Panicum turgidum,Aravalli west thorn scrub forests,,Kishan Bagh,,,,,,Panicum turgidum,,,,,,,,,,,,,,,,,,,,,,
Pavetta crassicaulis,,,,,,era_ad,publish,https://era-india.org/wp-content/uploads/2022/06/Pavetta_crassicaulis_flowers_in_Hyderabad_W_IMG_8712.jpg,,standard,closed,closed,,0,0,Pavetta crassicaulis,North Western Ghats Moist Deciduous Forests,,,,,,,,Pavetta crassicaulis,,,,,,,,,,,,,,,,,,,,,,
Pennisetum divisum,,,,,,era_ad,publish,https://era-india.org/wp-content/uploads/2022/06/2.Pennisetumdivisum-PradipKrishen.jpg,,standard,closed,closed,,0,0,Pennisetum divisum,Aravalli west thorn scrub forests,,Kishan Bagh,,,,,,Pennisetum divisum,,,,,,,,,,,,,,,,,,,,,,
Phyllanthus polyphyllus,,,,,,era_ad,publish,https://era-india.org/wp-content/uploads/2022/06/Phyllanthus_polyphyllus_07.jpg,,standard,closed,closed,,0,0,Phyllanthus polyphyllus,Deccan Thorn Scrub Forests,,,,,,,,Phyllanthus polyphyllus,,,,,,,,,,,,,,,,,,,,,,
Poeciloneuron indicum,,,,,,era_ad,publish,https://era-india.org/wp-content/uploads/2022/06/Putankolli_15583841843.jpg,,standard,closed,closed,,0,0,Poeciloneuron indicum,North Western Ghats Montane Rainforests,,,,,,,,Poeciloneuron indicum,,,,,,,,,,,,,,,,,,,,,,
Polyalthia simiarum,,,,,,era_ad,publish,https://era-india.org/wp-content/uploads/2022/06/7-PolyalthiasimiarumKari-NoopurBorawake.jpg,,standard,closed,closed,,0,0,Polyalthia simiarum,Eastern Himalayan broadleaf forests,,Tropical forest restoration in the Eastern Himalaya,,,,,,Polyalthia simiarum,,,,,,,,,,,,,,,,,,,,,,
Polygala japonica,,,,,,era_ad,publish,https://era-india.org/wp-content/uploads/2022/06/Drosera_peltata_plant2_15406307542.jpg,,standard,closed,closed,,0,0,Polygala japonica,South Western Ghats Montane Rainforests,,,,,,,,Polygala japonica,,,,,,,,,,,,,,,,,,,,,,
Premna tomentosa,,,,,,era_ad,publish,https://era-india.org/wp-content/uploads/2022/06/Premna_tomentosa.jpg,,standard,closed,closed,,0,0,Premna tomentosa,Deccan Thorn Scrub Forests,,,,,,,,Premna tomentosa,,,,,,,,,,,,,,,,,,,,,,
Prunus ceylanica,,,,,,era_ad,publish,https://era-india.org/wp-content/uploads/2022/06/8-Prunusceylanica-NoopurBorawake.jpg,,standard,closed,closed,,0,0,Prunus ceylanica,Eastern Himalayan broadleaf forests,,Tropical forest restoration in the Eastern Himalaya,,,,,,Prunus ceylanica,,,,,,,,,,,,,,,,,,,,,,
Pterocarpus marsupium,,,,,,era_ad,publish,https://era-india.org/wp-content/uploads/2022/06/Bija_2139120746.jpg,,standard,closed,closed,,0,0,Pterocarpus marsupium,South Deccan Plateau Dry Deciduous Forests,,,,,,,,Pterocarpus marsupium,,,,,,,,,,,,,,,,,,,,,,
Pterolobium hexapetalum,,,,,,era_ad,publish,https://era-india.org/wp-content/uploads/2022/06/Pterolobium_hexapetalum_Camp_Siege_in_Talakona_forest_AP_W_IMG_8365.jpg,,standard,closed,closed,,0,0,Pterolobium hexapetalum,South Deccan Plateau Dry Deciduous Forests,,,,,,,,Pterolobium hexapetalum,,,,,,,,,,,,,,,,,,,,,,
Pterospermum suberifolium,,,,,,era_ad,publish,https://era-india.org/wp-content/uploads/2022/06/Pterospermum_suberifolium_L._Willd._48926862608.jpg,,standard,closed,closed,,0,0,Pterospermum suberifolium,East Deccan Dry Evergreen Forests,,,,,,,,Pterospermum suberifolium,,,,,,,,,,,,,,,,,,,,,,
Reissantia indica,,,,,,era_ad,publish,https://era-india.org/wp-content/uploads/2022/06/Reissantia_indica_10.jpg,,standard,closed,closed,,0,0,Reissantia indica,East Deccan Dry Evergreen Forests,,,,,,,,Reissantia indica,,,,,,,,,,,,,,,,,,,,,,
Rhododendron arboreum,,,,,,era_ad,publish,https://era-india.org/wp-content/uploads/2022/06/Rhododendron_arboreum_leaves_close_up.jpg,,standard,closed,closed,,0,0,Rhododendron arboreum,South Western Ghats Montane Rainforests,,,,,,,,Rhododendron arboreum,,,,,,,,,,,,,,,,,,,,,,
Saccharum benghalense,,,,,,era_ad,publish,https://era-india.org/wp-content/uploads/2022/06/1.Saccharumbenghalense-PradipKrishen.jpg,,standard,closed,closed,,0,0,Saccharum benghalense,Aravalli west thorn scrub forests,,Kishan Bagh,,,,,,Saccharum benghalense,,,,,,,,,,,,,,,,,,,,,,
Salvadora persica,,,,,,era_ad,publish,https://era-india.org/wp-content/uploads/2022/06/2.Salvadorapersica-ArjunSingh.jpg,,standard,closed,closed,,0,0,Salvadora persica,Deccan thorn scrub forests,,Mine restoration in Pandalgudi,,,,,,Salvadora persica,,,,,,,,,,,,,,,,,,,,,,
Sarcostemma acidum,,,,,,era_ad,publish,https://era-india.org/wp-content/uploads/2022/06/Sarcostemmaacidum-PradipKrishen.jpg,,standard,closed,closed,,0,0,Sarcostemma acidum,Thar Desert,,Rao Jodha Desert Rock Park,,,,,,Sarcostemma acidum,,,,,,,,,,,,,,,,,,,,,,
Schefflera venulosa,,,,,,era_ad,publish,https://era-india.org/wp-content/uploads/2022/06/Schefflera_venulosa_03a.jpg,,standard,closed,closed,,0,0,Schefflera venulosa,North Western Ghats Montane Rainforests,,,,,,,,Schefflera venulosa,,,,,,,,,,,,,,,,,,,,,,
Schleichera oleosa,,,,,,era_ad,publish,https://era-india.org/wp-content/uploads/2022/06/madhavanSouthWesternGhatsMoistDeciduousForests.jpg,,standard,closed,closed,,0,0,Schleichera oleosa,South Western Ghats Moist Deciduous forests,,,,,,,,Schleichera oleosa,,,,,,,,,,,,,,,,,,,,,,
Sericostoma pauciflorum,,,,,,era_ad,publish,https://era-india.org/wp-content/uploads/2022/06/7.sericostoma-PradipKrishen.jpg,,standard,closed,closed,,0,0,Sericostoma pauciflorum,Aravalli west thorn scrub forests,,Kishan Bagh,,,,,,Sericostoma pauciflorum,,,,,,,,,,,,,,,,,,,,,,
Smilax zeylanica,,,,,,era_ad,publish,https://era-india.org/wp-content/uploads/2022/06/Smilax_zeylanica_fruits.jpg,,standard,closed,closed,,0,0,Smilax zeylanica,South Western Ghats Moist Deciduous forests,,,,,,,,Smilax zeylanica,,,,,,,,,,,,,,,,,,,,,,
Solanum verbascifolium,,,,,,era_ad,publish,https://era-india.org/wp-content/uploads/2022/06/Solanum_mauritianum_49090743062.jpg,,standard,closed,closed,,0,0,Solanum verbascifolium,South Western Ghats Moist Deciduous forests,,,,,,,,Solanum verbascifolium,,,,,,,,,,,,,,,,,,,,,,
Sophora Galuca,,,,,,era_ad,publish,https://era-india.org/wp-content/uploads/2022/06/08-Sophoragaluca-ArjunSingh.jpg,,standard,closed,closed,,0,0,Sophora Galuca,South Western Ghats montane rain forests,,Restoring hill wetlands of the Nilgiri Biosphere Reserve,,,,,,Sophora Galuca,,,,,,,,,,,,,,,,,,,,,,
Sterculia urens,,,,,,era_ad,publish,https://era-india.org/wp-content/uploads/2022/06/ERN_Kullu_vijaydhasmana-VijayDhasmana.jpg,,standard,closed,closed,,0,0,Sterculia urens,Aravalli west thorn scrub forests,,Aravali Biodiversity Park,,,,,,Sterculia urens,,,,,,,,,,,,,,,,,,,,,,
Stereospermum colais,,,,,,era_ad,publish,https://era-india.org/wp-content/uploads/2022/06/Zinghal_in_Mizo_5663795408.jpg,,standard,closed,closed,,0,0,Stereospermum colais,North Western Ghats Moist Deciduous Forests,,,,,,,,Stereospermum colais,,,,,,,,,,,,,,,,,,,,,,
Stereospermum personatum,,,,,,era_ad,publish,https://era-india.org/wp-content/uploads/2022/06/Stereospermumpersonatum-min-VArun.jpg,,standard,closed,closed,,0,0,Stereospermum personatum,South Deccan Plateau dry deciduous forests,,Ecological restoration in Tiruvannamalai,,,,,,Stereospermum personatum,,,,,,,,,,,,,,,,,,,,,,
Stobilanthes sp.,,,,,,era_ad,publish,https://era-india.org/wp-content/uploads/2022/06/09-Stobilanthessp-ArjunSingh.jpg,,standard,closed,closed,,0,0,Stobilanthes sp.,South Western Ghats montane rain forests,,Restoring hill wetlands of the Nilgiri Biosphere Reserve,,,,,,Stobilanthes sp.,,,,,,,,,,,,,,,,,,,,,,
Streblus asper,,,,,,era_ad,publish,https://era-india.org/wp-content/uploads/2022/06/Streblus_asper_Jaldapara_WLS_AJT_Johnsingh.jpg,,standard,closed,closed,,0,0,Streblus asper,East Deccan Dry Evergreen Forests,,,,,,,,Streblus asper,,,,,,,,,,,,,,,,,,,,,,
Strychnos minor,,,,,,era_ad,publish,https://era-india.org/wp-content/uploads/2022/06/climbers.jpg,,standard,closed,closed,,0,0,Strychnos minor,East Deccan Dry Evergreen Forests,,,,,,,,Strychnos minor,,,,,,,,,,,,,,,,,,,,,,
Syzygium Cumini,,,,,,era_ad,publish,https://era-india.org/wp-content/uploads/2022/06/10-Syzygiumcumini-ArjunSingh.jpg,,standard,closed,closed,,0,0,Syzygium Cumini,South Western Ghats montane rain forests,,Restoring hill wetlands of the Nilgiri Biosphere Reserve,,,,,,Syzygium Cumini,,,,,,,,,,,,,,,,,,,,,,
Syzygium densiflorum,,,,,,era_ad,publish,https://era-india.org/wp-content/uploads/2022/06/Syzygium-densiflorum.jpg,,standard,closed,closed,,0,0,Syzygium densiflorum,South Western Ghats Montane Rainforests,,,,,,,,Syzygium densiflorum,,,,,,,,,,,,,,,,,,,,,,
Terminalia bellirica,,,,,,era_ad,publish,https://era-india.org/wp-content/uploads/2022/06/Terminalia_bellerica_AJT_Johnsingh.jpg,,standard,closed,closed,,0,0,Terminalia bellirica,South Western Ghats Moist Deciduous forests,,,,,,,,Terminalia bellirica,,,,,,,,,,,,,,,,,,,,,,
Tetrameles nudiflora,,,,,,era_ad,publish,https://era-india.org/wp-content/uploads/2022/06/9-TetramelesnudifloraBhelu-NoopurBorawake.jpg,,standard,closed,closed,,0,0,Tetrameles nudiflora,Eastern Himalayan broadleaf forests,,Tropical forest restoration in the Eastern Himalaya,,,,,,Tetrameles nudiflora,,,,,,,,,,,,,,,,,,,,,,
Utricularia arcuata,,,,,,era_ad,publish,https://era-india.org/wp-content/uploads/2022/06/Utricularia-AparnaWatve.jpg,,standard,closed,closed,,0,0,Utricularia arcuata,"North Western Ghats Moist Deciduous Forests, North Western Ghats Montane Rainforests",,Ecological Restoration of Panchgani tableland,,,,,,Utricularia arcuata,,,,,,,,,,,,,,,,,,,,,,
Vatica lanceifolia,,,,,,era_ad,publish,https://era-india.org/wp-content/uploads/2022/06/10-VaticalanceifoliaMorhal-NoopurBorawake.jpg,,standard,closed,closed,,0,0,Vatica lanceifolia,Eastern Himalayan broadleaf forests,,Tropical forest restoration in the Eastern Himalaya,,,,,,Vatica lanceifolia,,,,,,,,,,,,,,,,,,,,,,
Ventilago maderaspatana,,,,,,era_ad,publish,https://era-india.org/wp-content/uploads/2022/06/Ventilago_maderaspatana_01.jpg,,standard,closed,closed,,0,0,Ventilago maderaspatana,South Deccan Plateau Dry Deciduous Forests,,,,,,,,Ventilago maderaspatana,,,,,,,,,,,,,,,,,,,,,,
Viburnum cylindricum,,,,,,era_ad,publish,https://era-india.org/wp-content/uploads/2022/06/Viburnum_cylindricum_-_Flickr_-_peganum_1.jpg,,standard,closed,closed,,0,0,Viburnum cylindricum,South Western Ghats Montane Rainforests,,,,,,,,Viburnum cylindricum,,,,,,,,,,,,,,,,,,,,,,
Villebrunea  integrifolia,,,,,,era_ad,publish,https://era-india.org/wp-content/uploads/2022/06/Villebrunea_integrifolia_DSCN8618.jpg,,standard,closed,closed,,0,0,Villebrunea  integrifolia,South Western Ghats Montane Rainforests,,,,,,,,Villebrunea  integrifolia,,,,,,,,,,,,,,,,,,,,,,
Walsura trifoliata,,,,,,era_ad,publish,https://era-india.org/wp-content/uploads/2022/06/walsura.jpg,,standard,closed,closed,,0,0,Walsura trifoliata,Deccan Thorn Scrub Forests,,,,,,,,Walsura trifoliata,,,,,,,,,,,,,,,,,,,,,,
Wendlandia thyrsoidea,,,,,,era_ad,publish,https://era-india.org/wp-content/uploads/2022/06/Flower_of_a_tree_seen_on_the_hill_top_of_Ranipuram.jpg,,standard,closed,closed,,0,0,Wendlandia thyrsoidea,North Western Ghats Montane Rainforests,,,,,,,,Wendlandia thyrsoidea,,,,,,,,,,,,,,,,,,,,,,
Wrightia arborea,,,,,,era_ad,publish,https://era-india.org/wp-content/uploads/2022/06/ERN_Wrigthiaarborea-VijayDhasmana.jpg,,standard,closed,closed,,0,0,Wrightia arborea,Aravalli west thorn scrub forests,,Aravali Biodiversity Park,,,,,,Wrightia arborea,,,,,,,,,,,,,,,,,,,,,,
Xanthophyllum flavescens,,,,,,era_ad,publish,https://era-india.org/wp-content/uploads/2022/06/Xanthophyllum_arnottianum_Wight_49104606513.jpg,,standard,closed,closed,,0,0,Xanthophyllum flavescens,South Western Ghats Montane Rainforests,,,,,,,,Xanthophyllum flavescens,,,,,,,,,,,,,,,,,,,,,,
Xantolis tomentosa,,,,,,era_ad,publish,https://era-india.org/wp-content/uploads/2022/06/Kantabohul_in_Hindi_5460395995.jpg,,standard,closed,closed,,0,0,Xantolis tomentosa,North Western Ghats Montane Rainforests,,,,,,,,Xantolis tomentosa,,,,,,,,,,,,,,,,,,,,,,
Xylia xylocarpa,,,,,,era_ad,publish,https://era-india.org/wp-content/uploads/2022/06/Xylia_xylocarpa_4227254727.jpg,,standard,closed,closed,,0,0,Xylia xylocarpa,North Western Ghats Moist Deciduous Forests,,,,,,,,Xylia xylocarpa,,,,,,,,,,,,,,,,,,,,,,
Ziziphus oenoplia,,,,,,era_ad,publish,https://era-india.org/wp-content/uploads/2022/06/Ziziphus_oenoplia-Fruits.jpg,,standard,closed,closed,,0,0,Ziziphus oenoplia,South Deccan Plateau Dry Deciduous Forests,,,,,,,,Ziziphus oenoplia,,,,,,,,,,,,,,,,,,,,,,
Ziziphus xylopyrus,,,,,,era_ad,publish,https://era-india.org/wp-content/uploads/2022/06/Ziziphus_xylopyrus_AJTJ_DSCN0180.jpg,,standard,closed,closed,,0,0,Ziziphus xylopyrus,Deccan Thorn Scrub Forests,,,,,,,,Ziziphus xylopyrus,,,,,,,,,,,,,,,,,,,,,,
,,,,,,,,,,,,,,,,,,,,,,,,,,,,,,,,,,,,,,,,,,,,,,,
,,,,,,,,,,,,,,,,,,,,,,,,,,,,,,,,,,,,,,,,,,,,,,,
,,,,,,,,,,,,,,,,,,,,,,,,,,,,,,,,,,,,,,,,,,,,,,,
,,,,,,,,,,,,,,,,,,,,,,,,,,,,,,,,,,,,,,,,,,,,,,,
,,,,,,,,,,,,,,,,,,,,,,,,,,,,,,,,,,,,,,,,,,,,,,,
,,,,,,,,,,,,,,,,,,,,,,,,,,,,,,,,,,,,,,,,,,,,,,,
,,,,,,,,,,,,,,,,,,,,,,,,,,,,,,,,,,,,,,,,,,,,,,,
,,,,,,,,,,,,,,,,,,,,,,,,,,,,,,,,,,,,,,,,,,,,,,,
