"post_title","ID","post_content","post_excerpt","post_date","post_name","post_author","post_status","featured_image","wp_page_template","post_format","comment_status","ping_status","pinged","post_parent","menu_order","era_species_ecoregion_new","era_species_common_name","era_species_img_credit","era_species_related_projects","pods_caption","pods_alt_text","pods_description","pods_file_name","pods_title","title","meta_desc","meta-robots-noindex","meta-robots-nofollow","meta-robots-adv","bctitle","canonical","redirect","opengraph-title","opengraph-description","opengraph-image","twitter-title","twitter-description","twitter-image","google-plus-title","google-plus-description","google-plus-image","focus_keyword","schema_page_type","schema_article_type","cornerstone-content","focuskeywords","keywordsynonyms"
"Acacia senegal","4197",,,"2022-06-15 13:04:26","acacia-senegal","era_ad","publish","https://era-india.org/wp-content/uploads/2022/06/Acaciasenegal-PradipKrishen.jpg",,"standard","closed","closed",,"0","0","Thar Desert","Acacia senegal",,"2096",,,,,,"Acacia senegal",,,,,,,,,,,,,,,,,,,,,,
"Actiniopteris radiata","4198",,,"2022-06-15 13:04:26","actiniopteris-radiata","era_ad","publish","https://era-india.org/wp-content/uploads/2022/06/10.Actiniopterisfern-PradipKrishen.jpg",,"standard","closed","closed",,"0","0","Aravalli west thorn scrub forests","Actiniopteris radiata",,"2099",,,,,,"Actiniopteris radiata",,,,,,,,,,,,,,,,,,,,,,
"Actinodaphne bourdillonii","4199",,,"2022-06-15 13:04:27","actinodaphne-bourdillonii","era_ad","publish","https://era-india.org/wp-content/uploads/2022/06/Actinodaphne_bourdillonii_Andiparai_DSCN0473.jpg",,"standard","closed","closed",,"0","0","South Western Ghats montane rainforests","Actinodaphne bourdillonii",,"29,1551,1586,2582,2588",,,,,,"Actinodaphne bourdillonii",,,,,,,,,,,,,,,,,,,,,,
"Actinodaphne malabarica","4200",,,"2022-06-15 13:04:28","actinodaphne-malabarica","era_ad","publish","https://era-india.org/wp-content/uploads/2022/06/01-Actinodaphne_malabarica_Varattuparai-ArjunSingh.jpg",,"standard","closed","closed",,"0","0","South Western Ghats montane rainforests","Actinodaphne malabarica",,"2074",,,,,,"Actinodaphne malabarica",,,,,,,,,,,,,,,,,,,,,,
"Aerva pseudotomentosa","4201",,,"2022-06-15 13:04:28","aerva-pseudotomentosa","era_ad","publish","https://era-india.org/wp-content/uploads/2022/06/5.Aervapseudotomentosa-PradipKrishen.jpg",,"standard","closed","closed",,"0","0","Aravalli west thorn scrub forests","Aerva pseudotomentosa",,"2099",,,,,,"Aerva pseudotomentosa",,,,,,,,,,,,,,,,,,,,,,
"Aglaia spectabilis","4202",,,"2022-06-15 13:04:31","aglaia-spectabilis","era_ad","publish","https://era-india.org/wp-content/uploads/2022/06/1-AglaiaspectabilisAmari-NoopurBorawake.jpg",,"standard","closed","closed",,"0","0","Eastern Himalayan broadleaf forests","Aglaia spectabilis",,"2098",,,,,,"Aglaia spectabilis",,,,,,,,,,,,,,,,,,,,,,
"Alangium salvifolium","4203",,,"2022-06-15 13:04:32","alangium-salvifolium","era_ad","publish","https://era-india.org/wp-content/uploads/2022/06/Alangium_Salvifolium_09.jpg",,"standard","closed","closed",,"0","0","North Western Ghats montane rainforests","Alangium salvifolium",,"29,1551,1586,2582,2588",,,,,,"Alangium salvifolium",,,,,,,,,,,,,,,,,,,,,,
"Albizia amara","4204",,,"2022-06-15 13:04:32","albizia-amara","era_ad","publish","https://era-india.org/wp-content/uploads/2022/06/Albizia_amara_subsp._amara_5656890214.jpg",,"standard","closed","closed",,"0","0","Deccan Thorn Scrub forests","Albizia amara",,"29,1551,1586,2582,2588",,,,,,"Albizia amara",,,,,,,,,,,,,,,,,,,,,,
"Albizia lathamii","4205",,,"2022-06-15 13:04:33","albizia-lathamii","era_ad","publish","https://era-india.org/wp-content/uploads/2022/06/3.Albizialathamiicopy-ArjunSingh.jpg",,"standard","closed","closed",,"0","0","Deccan thorn scrub forests","Albizia lathamii",,"2089",,,,,,"Albizia lathamii",,,,,,,,,,,,,,,,,,,,,,
"Anogeissus latifolia","4206",,,"2022-06-15 13:04:34","anogeissus-latifolia","era_ad","publish","https://era-india.org/wp-content/uploads/2022/06/Anogeissus_latifolia_7988024313.jpg",,"standard","closed","closed",,"0","0","South Deccan Plateau Dry Deciduous forests","Anogeissus latifolia",,"29,1551,1586,2582,2588",,,,,,"Anogeissus latifolia",,,,,,,,,,,,,,,,,,,,,,
"Anogeissus pendula","4207",,,"2022-06-15 13:04:36","anogeissus-pendula","era_ad","publish","https://era-india.org/wp-content/uploads/2022/06/ERN-Anogeissuspendula-VijayDhasmana.jpg",,"standard","closed","closed",,"0","0","Aravalli west thorn scrub forests","Anogeissus pendula",,"1957",,,,,,"Anogeissus pendula",,,,,,,,,,,,,,,,,,,,,,
"Anogeissus sericea var. nummularia","4208",,,"2022-06-15 13:04:37","anogeissus-sericea-var-nummularia","era_ad","publish","https://era-india.org/wp-content/uploads/2022/06/Anogeissussericeavsr.nummularia-PradipKrishen.jpg",,"standard","closed","closed",,"0","0","Thar Desert","Anogeissus sericea var. nummularia",,"2096",,,,,,"Anogeissus sericea var. nummularia",,,,,,,,,,,,,,,,,,,,,,
"Aquilaria malaccensis","4209",,,"2022-06-15 13:04:37","aquilaria-malaccensis","era_ad","publish","https://era-india.org/wp-content/uploads/2022/06/2-AquilariamalaccensisAgar-NoopurBorawake.jpg",,"standard","closed","closed",,"0","0","Eastern Himalayan broadleaf forests","Aquilaria malaccensis",,"2098",,,,,,"Aquilaria malaccensis",,,,,,,,,,,,,,,,,,,,,,
"Aristolochia indica","4210",,,"2022-06-15 13:04:37","aristolochia-indica","era_ad","publish","https://era-india.org/wp-content/uploads/2022/06/Aristolochia_indica_-_leaves.jpg",,"standard","closed","closed",,"0","0","East Deccan Dry Evergreen forests","Aristolochia indica",,"29,1551,1586,2582,2588",,,,,,"Aristolochia indica",,,,,,,,,,,,,,,,,,,,,,
"Aristolochia indica","4211",,,"2022-06-15 13:04:38","aristolochia-indica-2","era_ad","publish","https://era-india.org/wp-content/uploads/2022/06/Aristolochia_indica_at_Mayyil_36-1.jpg",,"standard","closed","closed",,"0","0","North Western Ghats Moist Deciduous forests","Aristolochia indica",,"29,1551,1586,2582,2588",,,,,,"Aristolochia indica",,,,,,,,,,,,,,,,,,,,,,
"Artemisia nilagirica","4212",,,"2022-06-15 13:04:40","artemisia-nilagirica","era_ad","publish","https://era-india.org/wp-content/uploads/2022/06/Artemisia_nilagirica_C.B.Clarke_Pamp._51695005044.jpg",,"standard","closed","closed",,"0","0","South Western Ghats montane rainforests","Artemisia nilagirica",,"29,1551,1586,2582,2588",,,,,,"Artemisia nilagirica",,,,,,,,,,,,,,,,,,,,,,
"Artocarpus hirsutus","4213",,,"2022-06-15 13:04:41","artocarpus-hirsutus","era_ad","publish","https://era-india.org/wp-content/uploads/2022/06/Artocarpus_hirsutus.jpg",,"standard","closed","closed",,"0","0","South Western Ghats montane rainforests","Artocarpus hirsutus",,"29,1551,1586,2582,2588",,,,,,"Artocarpus hirsutus",,,,,,,,,,,,,,,,,,,,,,
"Asparagus racemosus","4214",,,"2022-06-15 13:04:42","asparagus-racemosus","era_ad","publish","https://era-india.org/wp-content/uploads/2022/06/Asparagus_racemosus_0641.jpg",,"standard","closed","closed",,"0","0","North Western Ghats Moist Deciduous forests","Asparagus racemosus",,"29,1551,1586,2582,2588",,,,,,"Asparagus racemosus",,,,,,,,,,,,,,,,,,,,,,
"Atalantia racemosa","4215",,,"2022-06-15 13:04:43","atalantia-racemosa","era_ad","publish","https://era-india.org/wp-content/uploads/2022/06/Makad_Limbu_22005972844.jpg",,"standard","closed","closed",,"0","0","North Western Ghats Moist Deciduous forests","Atalantia racemosa",,"29,1551,1586,2582,2588",,,,,,"Atalantia racemosa",,,,,,,,,,,,,,,,,,,,,,
"Atalantia racemosa","4216",,,"2022-06-15 13:04:44","atalantia-racemosa-2","era_ad","publish","https://era-india.org/wp-content/uploads/2022/06/Atalantia_monophylla-1.jpg",,"standard","closed","closed",,"0","0","East Deccan Dry Evergreen forests","Atalantia racemosa",,"29,1551,1586,2582,2588",,,,,,"Atalantia racemosa",,,,,,,,,,,,,,,,,,,,,,
"Baccaurea courtallensis","4217",,,"2022-06-15 13:04:47","baccaurea-courtallensis","era_ad","publish","https://era-india.org/wp-content/uploads/2022/06/original3.jpg",,"standard","closed","closed",,"0","0","South Western Ghats montane rainforests","Baccaurea courtallensis",,"29,1551,1586,2582,2588",,,,,,"Baccaurea courtallensis",,,,,,,,,,,,,,,,,,,,,,
"Balanites roxburghii","4218",,,"2022-06-15 13:04:48","balanites-roxburghii","era_ad","publish","https://era-india.org/wp-content/uploads/2022/06/1.Balanitesroxburghiicopy-ArjunSingh.jpg",,"standard","closed","closed",,"0","0","Deccan thorn scrub forests","Balanites roxburghii",,"2089",,,,,,"Balanites roxburghii",,,,,,,,,,,,,,,,,,,,,,
"Barleria prionitis var, dicantha","4219",,,"2022-06-15 13:04:48","barleria-prionitis-var-dicantha","era_ad","publish","https://era-india.org/wp-content/uploads/2022/06/Barleriaprionitisvar.dicantha-PradipKrishen.jpg",,"standard","closed","closed",,"0","0","Thar Desert","Barleria prionitis var, dicantha",,"2096",,,,,,"Barleria prionitis var, dicantha",,,,,,,,,,,,,,,,,,,,,,
"Beilschmiedia dalzellii","4220",,,"2022-06-15 13:04:49","beilschmiedia-dalzellii","era_ad","publish","https://era-india.org/wp-content/uploads/2022/06/Beilschmiedia_dalzellii_Meisn._Kosterm._22646728865.jpg",,"standard","closed","closed",,"0","0","North Western Ghats montane rainforests","Beilschmiedia dalzellii",,"29,1551,1586,2582,2588",,,,,,"Beilschmiedia dalzellii",,,,,,,,,,,,,,,,,,,,,,
"Benkara malabarica","4221",,,"2022-06-15 13:04:49","benkara-malabarica","era_ad","publish","https://era-india.org/wp-content/uploads/2022/06/Benkara_malabarica_5.jpg",,"standard","closed","closed",,"0","0","Deccan Thorn Scrub forests","Benkara malabarica",,"29,1551,1586,2582,2588",,,,,,"Benkara malabarica",,,,,,,,,,,,,,,,,,,,,,
"Berberis tinctoria","4222",,,"2022-06-15 13:04:52","berberis-tinctoria","era_ad","publish","https://era-india.org/wp-content/uploads/2022/06/01-Berberistinctoria-ArjunSingh.jpg",,"standard","closed","closed",,"0","0","South Western Ghats montane rainforests","Berberis tinctoria",,"2085",,,,,,"Berberis tinctoria",,,,,,,,,,,,,,,,,,,,,,
"Boswellia serrata","4223",,,"2022-06-15 13:04:53","boswellia-serrata","era_ad","publish","https://era-india.org/wp-content/uploads/2022/06/BDP005_Salai-VijayDhasmana.jpg",,"standard","closed","closed",,"0","0","Aravalli west thorn scrub forests","Boswellia serrata",,"1957",,,,,,"Boswellia serrata",,,,,,,,,,,,,,,,,,,,,,
"Buchanania lanzan","4224",,,"2022-06-15 13:04:53","buchanania-lanzan","era_ad","publish","https://era-india.org/wp-content/uploads/2022/06/Buchanania_lanzan.jpg",,"standard","closed","closed",,"0","0","South Western Ghats Moist Deciduous forests","Buchanania lanzan",,,,,,,,"Buchanania lanzan",,,,,,,,,,,,,,,,,,,,,,
"Butea monosperma","4225",,,"2022-06-15 13:04:53","butea-monosperma","era_ad","publish","https://era-india.org/wp-content/uploads/2022/06/Buteamonosperma-VArun.jpg",,"standard","closed","closed",,"0","0","South Deccan Plateau dry deciduous forests","Butea monosperma",,,,,,,,"Butea monosperma",,,,,,,,,,,,,,,,,,,,,,
"Cadaba fruticosa","4226",,,"2022-06-15 13:04:54","cadaba-fruticosa","era_ad","publish","https://era-india.org/wp-content/uploads/2022/06/Indian_Cadaba_Cadaba_fruticosa_flowering_shrub_in_Hyderabad_AP.jpg",,"standard","closed","closed",,"0","0","Deccan Thorn Scrub forests","Cadaba fruticosa",,"29,1551,1586,2582,2588",,,,,,"Cadaba fruticosa",,,,,,,,,,,,,,,,,,,,,,
"Calligonum polygonoides","4227",,,"2022-06-15 13:04:56","calligonum-polygonoides","era_ad","publish","https://era-india.org/wp-content/uploads/2022/06/4.Calligonum-PradipKrishen.jpg",,"standard","closed","closed",,"0","0","Aravalli west thorn scrub forests","Calligonum polygonoides",,"2099",,,,,,"Calligonum polygonoides",,,,,,,,,,,,,,,,,,,,,,
"Calycopteris floribunda","4228",,,"2022-06-15 13:04:57","calycopteris-floribunda","era_ad","publish","https://era-india.org/wp-content/uploads/2022/06/Calycopteris_floribunda_Roxb._Lam._51009238652.jpg",,"standard","closed","closed",,"0","0","South Western Ghats Moist Deciduous forests","Calycopteris floribunda",,"29,1551,1586,2582,2588",,,,,,"Calycopteris floribunda",,,,,,,,,,,,,,,,,,,,,,
"Canarium resiniferum","4229",,,"2022-06-15 13:04:57","canarium-resiniferum","era_ad","publish","https://era-india.org/wp-content/uploads/2022/06/3-CanariumresiniferumDhuna-NoopurBorawake.jpg",,"standard","closed","closed",,"0","0","Eastern Himalayan broadleaf forests","Canarium resiniferum",,"2098",,,,,,"Canarium resiniferum",,,,,,,,,,,,,,,,,,,,,,
"Canarium strictum","4230",,,"2022-06-15 13:04:58","canarium-strictum","era_ad","publish",,,"standard","closed","closed",,"0","0","South Western Ghats montane rainforests","Canarium strictum",,"2074",,,,,,"Canarium strictum",,,,,,,,,,,,,,,,,,,,,,
"Canthium angustifolium","4231",,,"2022-06-15 13:04:58","canthium-angustifolium","era_ad","publish","https://era-india.org/wp-content/uploads/2022/06/Canthium_angustifolium_-_Narrow_Leaved_Canthium.jpg",,"standard","closed","closed",,"0","0","North Western Ghats montane rainforests","Canthium angustifolium",,"29,1551,1586,2582,2588",,,,,,"Canthium angustifolium",,,,,,,,,,,,,,,,,,,,,,
"Capparis brevispina","4232",,,"2022-06-15 13:05:01","capparis-brevispina","era_ad","publish","https://era-india.org/wp-content/uploads/2022/06/Capparis_brevispina_DC._2369722495.jpg",,"standard","closed","closed",,"0","0","East Deccan Dry Evergreen forests","Capparis brevispina",,"29,1551,1586,2582,2588",,,,,,"Capparis brevispina",,,,,,,,,,,,,,,,,,,,,,
"Capparis decidua","4233",,,"2022-06-15 13:05:02","capparis-decidua","era_ad","publish","https://era-india.org/wp-content/uploads/2022/06/Capparisdecidua-PradipKrishen.jpg",,"standard","closed","closed",,"0","0","Thar Desert","Capparis decidua",,"2096",,,,,,"Capparis decidua",,,,,,,,,,,,,,,,,,,,,,
"Careya arborea","4234",,,"2022-06-15 13:05:02","careya-arborea","era_ad","publish","https://era-india.org/wp-content/uploads/2022/06/Careya_Arborea021.jpg",,"standard","closed","closed",,"0","0","South Western Ghats Moist Deciduous forests","Careya arborea",,"29,1551,1586,2582,2588",,,,,,"Careya arborea",,,,,,,,,,,,,,,,,,,,,,
"Carissa spinarum","4235",,,"2022-06-15 13:05:03","carissa-spinarum","era_ad","publish","https://era-india.org/wp-content/uploads/2022/06/Carissa_spinarum_near_Hyderabad_W_IMG_7615.jpg",,"standard","closed","closed",,"0","0","Deccan Thorn Scrub forests","Carissa spinarum",,"29,1551,1586,2582,2588",,,,,,"Carissa spinarum",,,,,,,,,,,,,,,,,,,,,,
"Cassia fistula","4236",,,"2022-06-15 13:05:04","cassia-fistula","era_ad","publish","https://era-india.org/wp-content/uploads/2022/06/Cassiafistula-VArun.jpg",,"standard","closed","closed",,"0","0","South Deccan Plateau dry deciduous forests","Cassia fistula",,,,,,,,"Cassia fistula",,,,,,,,,,,,,,,,,,,,,,
"Cassine glauca","4237",,,"2022-06-15 13:05:06","cassine-glauca","era_ad","publish","https://era-india.org/wp-content/uploads/2022/06/Cassine_glauca.jpg",,"standard","closed","closed",,"0","0","East Deccan Dry Evergreen forests","Cassine glauca",,,,,,,,"Cassine glauca",,,,,,,,,,,,,,,,,,,,,,
"Catunaregam spinosa","4238",,,"2022-06-15 13:05:07","catunaregam-spinosa","era_ad","publish","https://era-india.org/wp-content/uploads/2022/06/Mountain_Pomegranate_Catunaregam_spinosa_Ghela_by_Raju_Kasambe.jpg",,"standard","closed","closed",,"0","0","South Deccan Plateau Dry Deciduous forests","Catunaregam spinosa",,"29,1551,1586,2582,2588",,,,,,"Catunaregam spinosa",,,,,,,,,,,,,,,,,,,,,,
"Chionanthus mala-elengi","4239",,,"2022-06-15 13:05:08","chionanthus-mala-elengi","era_ad","publish","https://era-india.org/wp-content/uploads/2022/06/Chionanthus_mala-elengi_fruits.jpg",,"standard","closed","closed",,"0","0","South Western Ghats Moist Deciduous forests","Chionanthus mala-elengi",,"29,1551,1586,2582,2588",,,,,,"Chionanthus mala-elengi",,,,,,,,,,,,,,,,,,,,,,
"Chionanthus Zeylanica","4240",,,"2022-06-15 13:05:09","chionanthus-zeylanica","era_ad","publish","https://era-india.org/wp-content/uploads/2022/06/Chionanthus_zeylanica_L._-_Flickr_-_lalithamba.jpg",,"standard","closed","closed",,"0","0","East Deccan Dry Evergreen forests","Chionanthus Zeylanica",,"29,1551,1586,2582,2588",,,,,,"Chionanthus Zeylanica",,,,,,,,,,,,,,,,,,,,,,
"Chloroxylon swietenia","4241",,,"2022-06-15 13:05:10","chloroxylon-swietenia","era_ad","publish","https://era-india.org/wp-content/uploads/2022/06/Chloroxylon_swietenia_04.jpg",,"standard","closed","closed",,"0","0","Deccan Thorn Scrub forests","Chloroxylon swietenia",,,,,,,,"Chloroxylon swietenia",,,,,,,,,,,,,,,,,,,,,,
"Chrysopogon zeylanicus","4242",,,"2022-06-15 13:05:12","chrysopogon-zeylanicus","era_ad","publish","https://era-india.org/wp-content/uploads/2022/06/chryspogon1.jpg",,"standard","closed","closed",,"0","0","South Western Ghats montane rainforests","Chrysopogon zeylanicus",,"2085",,,,,,"Chrysopogon zeylanicus",,,,,,,,,,,,,,,,,,,,,,
"Cinnamomum malabatrum","4243",,,"2022-06-15 13:05:13","cinnamomum-malabatrum","era_ad","publish","https://era-india.org/wp-content/uploads/2022/06/04-Cinnamomum_malabatrum_2_by_Vijay-ArjunSingh.jpg",,"standard","closed","closed",,"0","0","South Western Ghats montane rainforests",,,"2074",,,,,,"Cinnamomum malabatrum",,,,,,,,,,,,,,,,,,,,,,
"Cinnamomum wightii","4244",,,"2022-06-15 13:05:13","cinnamomum-wightii","era_ad","publish","https://era-india.org/wp-content/uploads/2022/06/Cinnamomum_wightii_-_at_Ooty_2014.jpg",,"standard","closed","closed",,"0","0","South Western Ghats montane rainforests","Cinnamomum wightii",,"29,1551,1586,2582,2588",,,,,,"Cinnamomum wightii",,,,,,,,,,,,,,,,,,,,,,
"Cleistanthus collinus","4245",,,"2022-06-15 13:05:14","cleistanthus-collinus","era_ad","publish","https://era-india.org/wp-content/uploads/2022/06/Cleistanthuscollinus-VArun.jpg",,"standard","closed","closed",,"0","0","South Deccan Plateau dry deciduous forests","Cleistanthus collinus",,,,,,,,"Cleistanthus collinus",,,,,,,,,,,,,,,,,,,,,,
"Clerodendrum phlomidis","4246",,,"2022-06-15 13:05:14","clerodendrum-phlomidis","era_ad","publish","https://era-india.org/wp-content/uploads/2022/06/8.Clerodendrumphlomidis-PradipKrishen.jpg",,"standard","closed","closed",,"0","0","Aravalli west thorn scrub forests","Clerodendrum phlomidis",,"2099",,,,,,"Clerodendrum phlomidis",,,,,,,,,,,,,,,,,,,,,,
"Cocculus pendulus","4247",,,"2022-06-15 13:05:16","cocculus-pendulus","era_ad","publish","https://era-india.org/wp-content/uploads/2022/06/Cocculuspendulus-PradipKrishen.jpg",,"standard","closed","closed",,"0","0","Thar Desert","Cocculus pendulus",,"2096",,,,,,"Cocculus pendulus",,,,,,,,,,,,,,,,,,,,,,
"Combretum ovalifolium","4248",,,"2022-06-15 13:05:17","combretum-ovalifolium","era_ad","publish","https://era-india.org/wp-content/uploads/2022/06/Combretum_ovalifolium_07.jpg",,"standard","closed","closed",,"0","0","South Western Ghats Moist Deciduous forests","Combretum ovalifolium",,"29,1551,1586,2582,2588",,,,,,"Combretum ovalifolium",,,,,,,,,,,,,,,,,,,,,,
"Commiphora caudata","4249",,,"2022-06-15 13:05:18","commiphora-caudata","era_ad","publish","https://era-india.org/wp-content/uploads/2022/06/original.jpg",,"standard","closed","closed",,"0","0","Deccan Thorn Scrub forests","Commiphora caudata",,"29,1551,1586,2582,2588",,,,,,"Commiphora caudata",,,,,,,,,,,,,,,,,,,,,,
"Cordia obliqua","4250",,,"2022-06-15 13:05:19","cordia-obliqua","era_ad","publish","https://era-india.org/wp-content/uploads/2022/06/Cordia_dichotoma_flowers_and_foliage.jpg",,"standard","closed","closed",,"0","0","North Western Ghats Moist Deciduous forests","Cordia obliqua",,"29,1551,1586,2582,2588",,,,,,"Cordia obliqua",,,,,,,,,,,,,,,,,,,,,,
"Cordia sinensis","4251",,,"2022-06-15 13:05:20","cordia-sinensis","era_ad","publish","https://era-india.org/wp-content/uploads/2022/06/BDP022_Goondi-VijayDhasmana.jpg",,"standard","closed","closed",,"0","0","Aravalli west thorn scrub forests","Cordia sinensis",,"1957",,,,,,"Cordia sinensis",,,,,,,,,,,,,,,,,,,,,,
"Crotalaria burhia","4252",,,"2022-06-15 13:05:22","crotalaria-burhia","era_ad","publish","https://era-india.org/wp-content/uploads/2022/06/3.Crotalariaburhia-PradipKrishen.jpg",,"standard","closed","closed",,"0","0","Aravalli west thorn scrub forests","Crotalaria burhia",,"2099",,,,,,"Crotalaria burhia",,,,,,,,,,,,,,,,,,,,,,
"Cullenia exarillata","4253",,,"2022-06-15 13:05:22","cullenia-exarillata","era_ad","publish","https://era-india.org/wp-content/uploads/2022/06/Culleniaexarillata-SuprabhaSeshan.jpg",,"standard","closed","closed",,"0","0","South Western Ghats montane rainforests","Cullenia exarillata",,"2074,2104",,,,,,"Cullenia exarillata",,,,,,,,,,,,,,,,,,,,,,
"Cyanotis spp and others","4256",,,"2022-06-15 13:05:23","cyanotis-spp-and-others","era_ad","publish","https://era-india.org/wp-content/uploads/2022/06/9.Cyanotisetal-PradipKrishen.jpg",,"standard","closed","closed",,"0","0","Aravalli west thorn scrub forests","Cyanotis spp and others",,"2099",,,,,,"Cyanotis spp and others",,,,,,,,,,,,,,,,,,,,,,
"Cyathea spinulosa","4257",,,"2022-06-15 13:05:24","cyathea-spinulosa","era_ad","publish","https://era-india.org/wp-content/uploads/2022/06/Cyatheanilgirensis-SuprabhaSeshan.jpg",,"standard","closed","closed",,"0","0","South Western Ghats montane rainforests","Cyathea spinulosa",,"2104",,,,,,"Cyathea spinulosa",,,,,,,,,,,,,,,,,,,,,,
"Debregeasia longifolia","4258",,,"2022-06-15 13:05:24","debregeasia-longifolia","era_ad","publish","https://era-india.org/wp-content/uploads/2022/06/03-Debregeasialongifolia-ArjunSingh.jpg",,"standard","closed","closed",,"0","0","South Western Ghats montane rainforests","Debregeasia longifolia",,"2085",,,,,,"Debregeasia longifolia",,,,,,,,,,,,,,,,,,,,,,
"Deccania pubescens","4259",,,"2022-06-15 13:05:26","deccania-pubescens","era_ad","publish","https://era-india.org/wp-content/uploads/2022/06/original2.jpg",,"standard","closed","closed",,"0","0","Deccan Thorn Scrub forests","Deccania pubescens",,"29,1551,1586,2582,2588",,,,,,"Deccania pubescens",,,,,,,,,,,,,,,,,,,,,,
"Desmodium pulchellum","4260",,,"2022-06-15 13:05:27","desmodium-pulchellum","era_ad","publish","https://era-india.org/wp-content/uploads/2022/06/Flemingia_chhapar_is_it-_in_Narshapur_forest_AP_W_IMG_0850.jpg",,"standard","closed","closed",,"0","0","South Western Ghats Moist Deciduous forests","Desmodium pulchellum",,"29,1551,1586,2582,2588",,,,,,"Desmodium pulchellum",,,,,,,,,,,,,,,,,,,,,,
"Dillenia pentagyna","4261",,,"2022-06-15 13:05:28","dillenia-pentagyna","era_ad","publish","https://era-india.org/wp-content/uploads/2022/06/Revada_8460742535.jpg",,"standard","closed","closed",,"0","0","North Western Ghats Moist Deciduous forests","Dillenia pentagyna",,"29,1551,1586,2582,2588",,,,,,"Dillenia pentagyna",,,,,,,,,,,,,,,,,,,,,,
"Dimorphocalyx glabellus","4262",,,"2022-06-15 13:05:29","dimorphocalyx-glabellus","era_ad","publish","https://era-india.org/wp-content/uploads/2022/06/Dimorphocalyx_glabellus_var._lawianus_5086236443.jpg",,"standard","closed","closed",,"0","0","East Deccan Dry Evergreen forests","Dimorphocalyx glabellus",,"29,1551,1586,2582,2588",,,,,,"Dimorphocalyx glabellus",,,,,,,,,,,,,,,,,,,,,,
"Dioscorea oppositifolia","4263",,,"2022-06-15 13:05:30","dioscorea-oppositifolia","era_ad","publish","https://era-india.org/wp-content/uploads/2022/06/Dioscorea_oppositifolia_L._32581398877.jpg",,"standard","closed","closed",,"0","0","North Western Ghats Moist Deciduous forests","Dioscorea oppositifolia",,"29,1551,1586,2582,2588",,,,,,"Dioscorea oppositifolia",,,,,,,,,,,,,,,,,,,,,,
"Dioscorea pentaphylla","4264",,,"2022-06-15 13:05:33","dioscorea-pentaphylla","era_ad","publish","https://era-india.org/wp-content/uploads/2022/06/Shendvel_2901703221-1.jpg",,"standard","closed","closed",,"0","0","South Western Ghats Moist Deciduous forests","Dioscorea pentaphylla",,"29,1551,1586,2582,2588",,,,,,"Dioscorea pentaphylla",,,,,,,,,,,,,,,,,,,,,,
"Diospyros chloroxylon","4265",,,"2022-06-15 13:05:34","diospyros-chloroxylon","era_ad","publish","https://era-india.org/wp-content/uploads/2022/06/Diospyros_chloroxylon_in_Hyderabad_W_IMG_9477-1.jpg",,"standard","closed","closed",,"0","0","East Deccan Dry Evergreen forests","Diospyros chloroxylon",,"29,1551,1586,2582,2588",,,,,,"Diospyros chloroxylon",,,,,,,,,,,,,,,,,,,,,,
"Diospyros ebenum","4266",,,"2022-06-15 13:05:35","diospyros-ebenum","era_ad","publish","https://era-india.org/wp-content/uploads/2022/06/Diospyrosebenum-VArun-1.jpg",,"standard","closed","closed",,"0","0","South Deccan Plateau dry deciduous forests","Diospyros ebenum",,,,,,,,"Diospyros ebenum",,,,,,,,,,,,,,,,,,,,,,
"Diospyros ferrea var. buxifolia","4267",,,"2022-06-15 13:05:35","diospyros-ferrea-var-buxifolia","era_ad","publish","https://era-india.org/wp-content/uploads/2022/06/Diospyros_ferrea_Willd.Bakh_.var_.buxifolia_Rottb.Bakh_..jpg",,"standard","closed","closed",,"0","0","East Deccan Dry Evergreen forests","Diospyros ferrea var. buxifolia",,,,,,,,"Diospyros ferrea var. buxifolia",,,,,,,,,,,,,,,,,,,,,,
"Diospyros montana","4270",,,"2022-06-15 13:05:38","diospyros-montana","era_ad","publish","https://era-india.org/wp-content/uploads/2022/06/Diospyros_montana_Roxb._3641001293.jpg",,"standard","closed","closed",,"0","0","South Deccan Plateau Dry Deciduous forests","Diospyros montana",,"29,1551,1586,2582,2588",,,,,,"Diospyros montana",,,,,,,,,,,,,,,,,,,,,,
"Diospyros sylvatica","4271",,,"2022-06-15 13:05:40","diospyros-sylvatica","era_ad","publish","https://era-india.org/wp-content/uploads/2022/06/05-Diospyros_sylvatica_Old_Valparai_DSCN0496-ArjunSingh-1.jpg",,"standard","closed","closed",,"0","0","South Western Ghats montane rainforests",,,"2074",,,,,,"Diospyros sylvatica",,,,,,,,,,,,,,,,,,,,,,
"Disperis zeylanica","4272",,,"2022-06-15 13:05:41","disperis-zeylanica","era_ad","publish","https://era-india.org/wp-content/uploads/2022/06/Disperiszeylanica-SuprabhaSeshan-1.jpg",,"standard","closed","closed",,"0","0","South Western Ghats montane rainforests","Disperis zeylanica",,"2104",,,,,,"Disperis zeylanica",,,,,,,,,,,,,,,,,,,,,,
"Dodonaea viscosa","4273",,,"2022-06-15 13:05:41","dodonaea-viscosa","era_ad","publish","https://era-india.org/wp-content/uploads/2022/06/Dodonaea_viscosa_Flipphi_1-1.jpg",,"standard","closed","closed",,"0","0","Deccan Thorn Scrub forests","Dodonaea viscosa",,"29,1551,1586,2582,2588",,,,,,"Dodonaea viscosa",,,,,,,,,,,,,,,,,,,,,,
"Dodonaea viscosa","4274",,,"2022-06-15 13:05:42","dodonaea-viscosa-2","era_ad","publish","https://era-india.org/wp-content/uploads/2022/06/Dodonaea_viscosa_in_Mexico-1.jpg",,"standard","closed","closed",,"0","0","South Deccan Plateau Dry Deciduous forests","Dodonaea viscosa",,"29,1551,1586,2582,2588",,,,,,"Dodonaea viscosa",,,,,,,,,,,,,,,,,,,,,,
"Drypetes malabarica","4275",,,"2022-06-15 13:05:43","drypetes-malabarica","era_ad","publish","https://era-india.org/wp-content/uploads/2022/02/Atalantia_monophylla-1.jpg",,"standard","closed","closed",,"0","0","South Western Ghats montane rainforests","Drypetes malabarica",,"29,1551,1586,2582,2588",,,,,,"Drypetes malabarica",,,,,,,,,,,,,,,,,,,,,,
"Drypetes sepiaria","4276",,,"2022-06-15 13:05:46","drypetes-sepiaria","era_ad","publish","https://era-india.org/wp-content/uploads/2022/06/Drypetes_sepiaria_leaves-1.jpg",,"standard","closed","closed",,"0","0","East Deccan Dry Evergreen forests","Drypetes sepiaria",,"29,1551,1586,2582,2588",,,,,,"Drypetes sepiaria",,,,,,,,,,,,,,,,,,,,,,
"Ehretia laevis","4277",,,"2022-06-15 13:05:47","ehretia-laevis","era_ad","publish","https://era-india.org/wp-content/uploads/2022/06/Charmavriksha_2092967743-1.jpg",,"standard","closed","closed",,"0","0","North Western Ghats montane rainforests","Ehretia laevis",,"29,1551,1586,2582,2588",,,,,,"Ehretia laevis",,,,,,,,,,,,,,,,,,,,,,
"Elaeocarpus sphaericus","4278",,,"2022-06-15 13:05:48","elaeocarpus-sphaericus","era_ad","publish","https://era-india.org/wp-content/uploads/2022/06/4-ElaeocarpussphaericusRudraksh-NoopurBorawake-1.jpg",,"standard","closed","closed",,"0","0","Eastern Himalayan broadleaf forests","Elaeocarpus sphaericus",,"2098",,,,,,"Elaeocarpus sphaericus",,,,,,,,,,,,,,,,,,,,,,
"Elaeocarpus tuberculatus","4279",,,"2022-06-15 13:05:48","elaeocarpus-tuberculatus","era_ad","publish","https://era-india.org/wp-content/uploads/2022/06/06-Elaeocarpus_tuberculatus_001-ArjunSingh-1.jpg",,"standard","closed","closed",,"0","0","South Western Ghats montane rainforests","Elaeocarpus tuberculatus",,"2074",,,,,,"Elaeocarpus tuberculatus",,,,,,,,,,,,,,,,,,,,,,
"Elaeocarpus variabilis","4280",,,"2022-06-15 13:05:49","elaeocarpus-variabilis","era_ad","publish","https://era-india.org/wp-content/uploads/2022/06/04-Elaeocarpusvariabilis-ArjunSingh-1.jpg",,"standard","closed","closed",,"0","0","South Western Ghats montane rainforests","Elaeocarpus variabilis",,"2085",,,,,,"Elaeocarpus variabilis",,,,,,,,,,,,,,,,,,,,,,
"Ephedra foliata","4281",,,"2022-06-15 13:05:51","ephedra-foliata","era_ad","publish","https://era-india.org/wp-content/uploads/2022/06/Ephedrafoliata-PradipKrishen.jpg",,"standard","closed","closed",,"0","0","Thar Desert","Ephedra foliata",,"2096",,,,,,"Ephedra foliata",,,,,,,,,,,,,,,,,,,,,,
"Erythrina stricta","4282",,,"2022-06-15 13:05:51","erythrina-stricta","era_ad","publish","https://era-india.org/wp-content/uploads/2022/06/Raktamandar_3292344859-1.jpg",,"standard","closed","closed",,"0","0","North Western Ghats Moist Deciduous forests","Erythrina stricta",,"29,1551,1586,2582,2588",,,,,,"Erythrina stricta",,,,,,,,,,,,,,,,,,,,,,
"Euphorbia caducifolia","4283",,,"2022-06-15 13:05:52","euphorbia-caducifolia","era_ad","publish","https://era-india.org/wp-content/uploads/2022/06/Euphorbiacaducifolia-PradipKrishen.jpg",,"standard","closed","closed",,"0","0","Thar Desert","Euphorbia caducifolia",,"2096",,,,,,"Euphorbia caducifolia",,,,,,,,,,,,,,,,,,,,,,
"Euphorbia khandallensis (syn. Euphorbia panchganiensis)","4284",,,"2022-06-15 13:05:52","euphorbia-khandallensis-syn-euphorbia-panchganiensis","era_ad","publish","https://era-india.org/wp-content/uploads/2022/06/EuphorbiakhandallensisEpanchganiensis-AparnaWatve.jpg",,"standard","closed","closed",,"0","0","North Western Ghats Moist Deciduous forests,North Western Ghats montane rainforests","Euphorbia khandallensis (syn. Euphorbia panchganiensis)",,"2083",,,,,,"Euphorbia khandallensis (syn. Euphorbia panchganiensis)",,,,,,,,,,,,,,,,,,,,,,
"Ficus drupacea","4285",,,"2022-06-15 13:05:53","ficus-drupacea","era_ad","publish","https://era-india.org/wp-content/uploads/2022/06/Ficus_drupacea_var._pubescens_mysorensis_AJT_Johnsingh.jpg",,"standard","closed","closed",,"0","0","South Western Ghats montane rainforests","Ficus drupacea",,"29,1551,1586,2582,2588",,,,,,"Ficus drupacea",,,,,,,,,,,,,,,,,,,,,,
"Ficus mollus","4286",,,"2022-06-15 13:05:55","ficus-mollus","era_ad","publish","https://era-india.org/wp-content/uploads/2022/06/Ficusmollus-VArun.jpg",,"standard","closed","closed",,"0","0","South Deccan Plateau dry deciduous forests","Ficus mollus",,,,,,,,"Ficus mollus",,,,,,,,,,,,,,,,,,,,,,
"Flueggea leucopyrus","4287",,,"2022-06-15 13:05:56","flueggea-leucopyrus","era_ad","publish","https://era-india.org/wp-content/uploads/2022/06/ERN_Flueggealeucopyrus-VijayDhasmana.jpg",,"standard","closed","closed",,"0","0","Aravalli west thorn scrub forests","Flueggea leucopyrus",,"1957",,,,,,"Flueggea leucopyrus",,,,,,,,,,,,,,,,,,,,,,
"Garcinia gummi-gutta","4288",,,"2022-06-15 13:05:56","garcinia-gummi-gutta","era_ad","publish","https://era-india.org/wp-content/uploads/2022/06/Garcinia_gummi-gutta_Kerala.jpg",,"standard","closed","closed",,"0","0","South Western Ghats montane rainforests","Garcinia gummi-gutta",,,,,,,,"Garcinia gummi-gutta",,,,,,,,,,,,,,,,,,,,,,
"Garcinia morella","4290",,,"2022-06-15 13:05:57","garcinia-morella","era_ad","publish","https://era-india.org/wp-content/uploads/2022/06/Garcinia_morella-1-chemungi-kerala-India.jpg",,"standard","closed","closed",,"0","0","North Western Ghats montane rainforests","Garcinia morella",,"29,1551,1586,2582,2588",,,,,,"Garcinia morella",,,,,,,,,,,,,,,,,,,,,,
"Gardenia gummifera","4291",,,"2022-06-15 13:05:58","gardenia-gummifera","era_ad","publish","https://era-india.org/wp-content/uploads/2022/06/Gardenia_gummifera_22-1.jpg",,"standard","closed","closed",,"0","0","Deccan Thorn Scrub forests","Gardenia gummifera",,"29,1551,1586,2582,2588",,,,,,"Gardenia gummifera",,,,,,,,,,,,,,,,,,,,,,
"Givotia moluccana","4292",,,"2022-06-15 13:06:02","givotia-moluccana","era_ad","publish","https://era-india.org/wp-content/uploads/2022/06/Givotia_moluccana_04.jpg",,"standard","closed","closed",,"0","0","Deccan Thorn Scrub forests","Givotia moluccana",,"29,1551,1586,2582,2588",,,,,,"Givotia moluccana",,,,,,,,,,,,,,,,,,,,,,
"Givottia rottleformis","4293",,,"2022-06-15 13:06:03","givottia-rottleformis","era_ad","publish","https://era-india.org/wp-content/uploads/2022/06/Givottiarottleformis-VArun.jpg",,"standard","closed","closed",,"0","0","South Deccan Plateau dry deciduous forests","Givottia rottleformis",,,,,,,,"Givottia rottleformis",,,,,,,,,,,,,,,,,,,,,,
"Gnetum ula","4294",,,"2022-06-15 13:06:03","gnetum-ula","era_ad","publish","https://era-india.org/wp-content/uploads/2022/06/Gnetum_ula_Thalaicauvery_WLS_March_2010_AJT_Johnsingh.jpg",,"standard","closed","closed",,"0","0","North Western Ghats montane rainforests","Gnetum ula",,"29,1551,1586,2582,2588",,,,,,"Gnetum ula",,,,,,,,,,,,,,,,,,,,,,
"Gnidia glauca","4295",,,"2022-06-15 13:06:04","gnidia-glauca","era_ad","publish","https://era-india.org/wp-content/uploads/2022/06/Gnidia_glauca_02.jpg",,"standard","closed","closed",,"0","0","North Western Ghats Moist Deciduous forests","Gnidia glauca",,"29,1551,1586,2582,2588",,,,,,"Gnidia glauca",,,,,,,,,,,,,,,,,,,,,,
"Grewia asiatica","4296",,,"2022-06-15 13:06:05","grewia-asiatica","era_ad","publish","https://era-india.org/wp-content/uploads/2022/06/Grewia_asiatica_4400631078.jpg",,"standard","closed","closed",,"0","0","South Deccan Plateau Dry Deciduous forests","Grewia asiatica",,"29,1551,1586,2582,2588",,,,,,"Grewia asiatica",,,,,,,,,,,,,,,,,,,,,,
"Gymnema sylvestre","4297",,,"2022-06-15 13:06:07","gymnema-sylvestre","era_ad","publish","https://era-india.org/wp-content/uploads/2022/06/Gymnema_sylvestre.jpg",,"standard","closed","closed",,"0","0","North Western Ghats Moist Deciduous forests","Gymnema sylvestre",,"29,1551,1586,2582,2588",,,,,,"Gymnema sylvestre",,,,,,,,,,,,,,,,,,,,,,
"Gymnosporia senegalensis","4298",,,"2022-06-15 13:06:08","gymnosporia-senegalensis","era_ad","publish","https://era-india.org/wp-content/uploads/2022/06/Gymnosporiasenegalensis-PradipKrishen.jpg",,"standard","closed","closed",,"0","0","Thar Desert","Gymnosporia senegalensis",,"2096",,,,,,"Gymnosporia senegalensis",,,,,,,,,,,,,,,,,,,,,,
"Habenaria longicornu","4299",,,"2022-06-15 13:06:09","habenaria-longicornu","era_ad","publish","https://era-india.org/wp-content/uploads/2022/06/Habenarialongicornu-SuprabhaSeshan.jpg",,"standard","closed","closed",,"0","0","South Western Ghats montane rainforests","Habenaria longicornu",,"2104",,,,,,"Habenaria longicornu",,,,,,,,,,,,,,,,,,,,,,
"Habenaria suaveolens (syn. Habenaria panchganiensis)","4300",,,"2022-06-15 13:06:09","habenaria-suaveolens-syn-habenaria-panchganiensis","era_ad","publish","https://era-india.org/wp-content/uploads/2022/06/HabenariasuaveolensHpanchganiensis-AparnaWatve.jpg",,"standard","closed","closed",,"0","0","North Western Ghats Moist Deciduous forests,North Western Ghats montane rainforests","Habenaria suaveolens (syn. Habenaria panchganiensis)",,"2083",,,,,,"Habenaria suaveolens (syn. Habenaria panchganiensis)",,,,,,,,,,,,,,,,,,,,,,
"Helicteres isora","4301",,,"2022-06-15 13:06:09","helicteres-isora","era_ad","publish","https://era-india.org/wp-content/uploads/2022/06/Helicteres_isora_East_Indian_screw_tree_W_IMG_1245.jpg",,"standard","closed","closed",,"0","0","South Deccan Plateau Dry Deciduous forests","Helicteres isora",,"29,1551,1586,2582,2588",,,,,,"Helicteres isora",,,,,,,,,,,,,,,,,,,,,,
"Heritiera papilio","4302",,,"2022-06-15 13:06:12","heritiera-papilio","era_ad","publish","https://era-india.org/wp-content/uploads/2022/06/08-Heritierapapilio-SiddharthMachado-ArjunSingh-1.jpg",,"standard","closed","closed",,"0","0","South Western Ghats montane rainforests","Heritiera papilio",,"2074",,,,,,"Heritiera papilio",,,,,,,,,,,,,,,,,,,,,,
"Heteropogon contortus","4303",,,"2022-06-15 13:06:12","heteropogon-contortus","era_ad","publish","https://era-india.org/wp-content/uploads/2022/06/Starr_060405-6950_Heteropogon_contortus.jpg",,"standard","closed","closed",,"0","0","South Western Ghats montane rainforests","Heteropogon contortus",,"29,1551,1586,2582,2588",,,,,,"Heteropogon contortus",,,,,,,,,,,,,,,,,,,,,,
"Heydychium flavescens","4304",,,"2022-06-15 13:06:13","heydychium-flavescens","era_ad","publish","https://era-india.org/wp-content/uploads/2022/06/05-Heydychiumflavescens-ArjunSingh-1.jpg",,"standard","closed","closed",,"0","0","South Western Ghats montane rainforests","Heydychium flavescens",,"2085",,,,,,"Heydychium flavescens",,,,,,,,,,,,,,,,,,,,,,
"Hiptage benghalensis","4305",,,"2022-06-15 13:06:13","hiptage-benghalensis","era_ad","publish","https://era-india.org/wp-content/uploads/2022/06/Hiptage_benghalensis.jpg",,"standard","closed","closed",,"0","0","South Deccan Plateau Dry Deciduous forests","Hiptage benghalensis",,"29,1551,1586,2582,2588",,,,,,"Hiptage benghalensis",,,,,,,,,,,,,,,,,,,,,,
"Hopea parviflora","4306",,,"2022-06-15 13:06:14","hopea-parviflora","era_ad","publish","https://era-india.org/wp-content/uploads/2022/06/Hopea_parviflora.jpg",,"standard","closed","closed",,"0","0","South Western Ghats Moist Deciduous forests","Hopea parviflora",,"29,1551,1586,2582,2588",,,,,,"Hopea parviflora",,,,,,,,,,,,,,,,,,,,,,
"Hopea ponga","4307",,,"2022-06-15 13:06:17","hopea-ponga","era_ad","publish","https://era-india.org/wp-content/uploads/2022/06/Hopea_Ponga_07.jpg",,"standard","closed","closed",,"0","0","North Western Ghats montane rainforests","Hopea ponga",,"29,1551,1586,2582,2588",,,,,,"Hopea ponga",,,,,,,,,,,,,,,,,,,,,,
"Horsfieldia kingii","4308",,,"2022-06-15 13:06:18","horsfieldia-kingii","era_ad","publish","https://era-india.org/wp-content/uploads/2022/06/5-HorsfieldiakingiiRamtamul-NoopurBorawake-1.jpg",,"standard","closed","closed",,"0","0","Eastern Himalayan broadleaf forests","Horsfieldia kingii",,"2098",,,,,,"Horsfieldia kingii",,,,,,,,,,,,,,,,,,,,,,
"Hydnocarpus pentandra","4309",,,"2022-06-15 13:06:18","hydnocarpus-pentandra","era_ad","publish","https://era-india.org/wp-content/uploads/2022/06/Garudaphala_5662074766.jpg",,"standard","closed","closed",,"0","0","South Western Ghats montane rainforests","Hydnocarpus pentandra",,"29,1551,1586,2582,2588",,,,,,"Hydnocarpus pentandra",,,,,,,,,,,,,,,,,,,,,,
"Impatiens acaulis","4310",,,"2022-06-15 13:06:19","impatiens-acaulis","era_ad","publish","https://era-india.org/wp-content/uploads/2022/06/ImpatiensacauliswithOberoniasp.andferns-SuprabhaSeshan.jpg",,"standard","closed","closed",,"0","0","South Western Ghats montane rainforests","Impatiens acaulis",,"2104",,,,,,"Impatiens acaulis",,,,,,,,,,,,,,,,,,,,,,
"Ixora nigricans","4311",,,"2022-06-15 13:06:19","ixora-nigricans","era_ad","publish","https://era-india.org/wp-content/uploads/2022/06/Ixora_nigricans_08.jpg",,"standard","closed","closed",,"0","0","South Western Ghats montane rainforests","Ixora nigricans",,"29,1551,1586,2582,2588",,,,,,"Ixora nigricans",,,,,,,,,,,,,,,,,,,,,,
"Jasminum angustifolium","4312",,,"2022-06-15 13:06:23","jasminum-angustifolium","era_ad","publish","https://era-india.org/wp-content/uploads/2022/06/Jasminum_angustifolium_48922729886.jpg",,"standard","closed","closed",,"0","0","East Deccan Dry Evergreen forests","Jasminum angustifolium",,"29,1551,1586,2582,2588",,,,,,"Jasminum angustifolium",,,,,,,,,,,,,,,,,,,,,,
"Knema attenuata","4313",,,"2022-06-15 13:06:24","knema-attenuata","era_ad","publish","https://era-india.org/wp-content/uploads/2022/06/Knema_attenuata-Bhoothathaankettu_03.jpg",,"standard","closed","closed",,"0","0","North Western Ghats montane rainforests","Knema attenuata",,"29,1551,1586,2582,2588",,,,,,"Knema attenuata",,,,,,,,,,,,,,,,,,,,,,
"Lagerstroemia microcarpa","4314",,,"2022-06-15 13:06:25","lagerstroemia-microcarpa","era_ad","publish","https://era-india.org/wp-content/uploads/2022/06/Lagerstroemia_microcarpa_5785262462.jpg",,"standard","closed","closed",,"0","0","South Western Ghats Moist Deciduous forests","Lagerstroemia microcarpa",,"29,1551,1586,2582,2588",,,,,,"Lagerstroemia microcarpa",,,,,,,,,,,,,,,,,,,,,,
"Lepidagathis trinervis","4315",,,"2022-06-15 13:06:26","lepidagathis-trinervis","era_ad","publish","https://era-india.org/wp-content/uploads/2022/06/Lepidagathistrinervis-PradipKrishen.jpg",,"standard","closed","closed",,"0","0","Thar Desert","Lepidagathis trinervis",,"2096",,,,,,"Lepidagathis trinervis",,,,,,,,,,,,,,,,,,,,,,
"Lepisanthes tetraphylla","4316",,,"2022-06-15 13:06:27","lepisanthes-tetraphylla","era_ad","publish","https://era-india.org/wp-content/uploads/2022/06/Lepisanthes_tetraphylla_near_Perumbadi_5.jpg",,"standard","closed","closed",,"0","0","East Deccan Dry Evergreen forests","Lepisanthes tetraphylla",,"29,1551,1586,2582,2588",,,,,,"Lepisanthes tetraphylla",,,,,,,,,,,,,,,,,,,,,,
"Ligustrum Sp.","4317",,,"2022-06-15 13:06:30","ligustrum-sp","era_ad","publish","https://era-india.org/wp-content/uploads/2022/06/06-Ligustrum-ArjunSingh.jpg",,"standard","closed","closed",,"0","0","South Western Ghats montane rainforests","Ligustrum Sp.",,"2085",,,,,,"Ligustrum Sp.",,,,,,,,,,,,,,,,,,,,,,
"Litsea coriacea","4318",,,"2022-06-15 13:06:30","litsea-coriacea","era_ad","publish","https://era-india.org/wp-content/uploads/2022/06/Pannithali_30296526733.jpg",,"standard","closed","closed",,"0","0","South Western Ghats Moist Deciduous forests","Litsea coriacea",,"29,1551,1586,2582,2588",,,,,,"Litsea coriacea",,,,,,,,,,,,,,,,,,,,,,
"Litsea glutinosa","4319",,,"2022-06-15 13:06:31","litsea-glutinosa","era_ad","publish","https://era-india.org/wp-content/uploads/2022/06/Litsea_glutinosa_6.jpg",,"standard","closed","closed",,"0","0","North Western Ghats Moist Deciduous forests","Litsea glutinosa",,"29,1551,1586,2582,2588",,,,,,"Litsea glutinosa",,,,,,,,,,,,,,,,,,,,,,
"Litsea oleoides","4320",,,"2022-06-15 13:06:32","litsea-oleoides","era_ad","publish","https://era-india.org/wp-content/uploads/2022/06/09-Litseaoleoides-Srini-ArjunSingh.jpg",,"standard","closed","closed",,"0","0","South Western Ghats montane rainforests","Litsea oleoides",,"2074",,,,,,"Litsea oleoides",,,,,,,,,,,,,,,,,,,,,,
"Livistona jenkinsiana","4321",,,"2022-06-15 13:06:32","livistona-jenkinsiana","era_ad","publish","https://era-india.org/wp-content/uploads/2022/06/6-LivistonajenkinsianaTokko-NoopurBorawake.jpg",,"standard","closed","closed",,"0","0","Eastern Himalayan broadleaf forests","Livistona jenkinsiana",,"2098",,,,,,"Livistona jenkinsiana",,,,,,,,,,,,,,,,,,,,,,
"Maesa indica","4322",,,"2022-06-15 13:06:34","maesa-indica","era_ad","publish","https://era-india.org/wp-content/uploads/2022/06/Maesa_indica_Roxb._Sweet_51937034316.jpg",,"standard","closed","closed",,"0","0","South Western Ghats Moist Deciduous forests","Maesa indica",,"29,1551,1586,2582,2588",,,,,,"Maesa indica",,,,,,,,,,,,,,,,,,,,,,
"Malaxis versicolor","4323",,,"2022-06-15 13:06:36","malaxis-versicolor","era_ad","publish","https://era-india.org/wp-content/uploads/2022/06/Malaxisversicolor-SuprabhaSeshan.jpg",,"standard","closed","closed",,"0","0","South Western Ghats montane rainforests","Malaxis versicolor",,"2104",,,,,,"Malaxis versicolor",,,,,,,,,,,,,,,,,,,,,,
"Mallotus philippensis","4324",,,"2022-06-15 13:06:36","mallotus-philippensis","era_ad","publish","https://era-india.org/wp-content/uploads/2022/06/Mallotus_philippensis_fruits_5358.jpg",,"standard","closed","closed",,"0","0","South Deccan Plateau Dry Deciduous forests","Mallotus philippensis",,"29,1551,1586,2582,2588",,,,,,"Mallotus philippensis",,,,,,,,,,,,,,,,,,,,,,
"Meliosma simplicifolia","4325",,,"2022-06-15 13:06:37","meliosma-simplicifolia","era_ad","publish","https://era-india.org/wp-content/uploads/2022/06/Meliosma_simplicifolia_31.jpg",,"standard","closed","closed",,"0","0","South Western Ghats montane rainforests","Meliosma simplicifolia",,"29,1551,1586,2582,2588",,,,,,"Meliosma simplicifolia",,,,,,,,,,,,,,,,,,,,,,
"Memecylon malabaricum","4326",,,"2022-06-15 13:06:39","memecylon-malabaricum","era_ad","publish","https://era-india.org/wp-content/uploads/2022/06/Memecylon_Malabaricum_33845187453.jpg",,"standard","closed","closed",,"0","0","South Western Ghats Moist Deciduous forests","Memecylon malabaricum",,"29,1551,1586,2582,2588",,,,,,"Memecylon malabaricum",,,,,,,,,,,,,,,,,,,,,,
"Memecylon umbellatum","4327",,,"2022-06-15 13:06:41","memecylon-umbellatum","era_ad","publish","https://era-india.org/wp-content/uploads/2022/06/Memecylon_umbellatum_2396029326.jpg",,"standard","closed","closed",,"0","0","East Deccan Dry Evergreen forests","Memecylon umbellatum",,"29,1551,1586,2582,2588",,,,,,"Memecylon umbellatum",,,,,,,,,,,,,,,,,,,,,,
"Mesua ferrea","4328",,,"2022-06-15 13:06:43","mesua-ferrea","era_ad","publish","https://era-india.org/wp-content/uploads/2022/06/Mesua_ferrea_L._49573366098.jpg",,"standard","closed","closed",,"0","0","South Western Ghats montane rainforests","Mesua ferrea",,"2074",,,,,,"Mesua ferrea",,,,,,,,,,,,,,,,,,,,,,
"Miliusa tomentosa","4329",,,"2022-06-15 13:06:43","miliusa-tomentosa","era_ad","publish","https://era-india.org/wp-content/uploads/2022/06/Miliusa_tomentosa_5.jpg",,"standard","closed","closed",,"0","0","North Western Ghats Moist Deciduous forests","Miliusa tomentosa",,"29,1551,1586,2582,2588",,,,,,"Miliusa tomentosa",,,,,,,,,,,,,,,,,,,,,,
"Millettia Pinata","4330",,,"2022-06-15 13:06:45","millettia-pinata","era_ad","publish","https://era-india.org/wp-content/uploads/2022/06/07-Pongamiapinnata-ArjunSingh.jpg",,"standard","closed","closed",,"0","0","South Western Ghats montane rainforests","Millettia Pinata",,"2085",,,,,,"Millettia Pinata",,,,,,,,,,,,,,,,,,,,,,
"Mitragyna parvifolia","4331",,,"2022-06-15 13:06:45","mitragyna-parvifolia","era_ad","publish","https://era-india.org/wp-content/uploads/2022/06/BDP023_Kaim-VijayDhasmana.jpg",,"standard","closed","closed",,"0","0","Aravalli west thorn scrub forests","Mitragyna parvifolia",,"1957",,,,,,"Mitragyna parvifolia",,,,,,,,,,,,,,,,,,,,,,
"Moringa concanensis","4332",,,"2022-06-15 13:06:47","moringa-concanensis","era_ad","publish","https://era-india.org/wp-content/uploads/2022/06/ERN_moringaconcanensis-VijayDhasmana.jpg",,"standard","closed","closed",,"0","0","Aravalli west thorn scrub forests","Moringa concanensis",,"1957",,,,,,"Moringa concanensis",,,,,,,,,,,,,,,,,,,,,,
"Murraya koenigii","4333",,,"2022-06-15 13:06:47","murraya-koenigii","era_ad","publish","https://era-india.org/wp-content/uploads/2022/06/Murraya_koenigii_Curry_leaf_leaves_in_RDA_Bogra_01.jpg",,"standard","closed","closed",,"0","0","North Western Ghats Moist Deciduous forests","Murraya koenigii",,"29,1551,1586,2582,2588",,,,,,"Murraya koenigii",,,,,,,,,,,,,,,,,,,,,,
"Murraya paniculata","4334",,,"2022-06-15 13:06:49","murraya-paniculata","era_ad","publish","https://era-india.org/wp-content/uploads/2022/06/Orange_Jasmine_Murraya_paniculata_1.jpg",,"standard","closed","closed",,"0","0","Deccan Thorn Scrub forests","Murraya paniculata",,"29,1551,1586,2582,2588",,,,,,"Murraya paniculata",,,,,,,,,,,,,,,,,,,,,,
"Naringi crenulata","4335",,,"2022-06-15 13:06:50","naringi-crenulata","era_ad","publish","https://era-india.org/wp-content/uploads/2022/06/Naringi_crenulata_3641.jpg",,"standard","closed","closed",,"0","0","Deccan Thorn Scrub forests","Naringi crenulata",,"29,1551,1586,2582,2588",,,,,,"Naringi crenulata",,,,,,,,,,,,,,,,,,,,,,
"Neolamarckia cadamba","4336",,,"2022-06-15 13:06:51","neolamarckia-cadamba","era_ad","publish","https://era-india.org/wp-content/uploads/2022/06/Cadamba_tree_Neolamarckia_cadamba_by_Raju_Kasambe.jpg",,"standard","closed","closed",,"0","0","North Western Ghats Moist Deciduous forests","Neolamarckia cadamba",,"29,1551,1586,2582,2588",,,,,,"Neolamarckia cadamba",,,,,,,,,,,,,,,,,,,,,,
"Ophioglossum reticulatum","4337",,,"2022-06-15 13:06:54","ophioglossum-reticulatum","era_ad","publish","https://era-india.org/wp-content/uploads/2022/06/Ophioglossumreticulatum-SuprabhaSeshan.jpg",,"standard","closed","closed",,"0","0","South Western Ghats montane rainforests","Ophioglossum reticulatum",,"2104",,,,,,"Ophioglossum reticulatum",,,,,,,,,,,,,,,,,,,,,,
"Orophea erythrocarpa","4338",,,"2022-06-15 13:06:54","orophea-erythrocarpa","era_ad","publish","https://era-india.org/wp-content/uploads/2022/06/orophea2.jpg",,"standard","closed","closed",,"0","0","South Western Ghats montane rainforests","Orophea erythrocarpa",,"29,1551,1586,2582,2588",,,,,,"Orophea erythrocarpa",,,,,,,,,,,,,,,,,,,,,,
"Palaquium ellipticum","4339",,,"2022-06-15 13:06:56","palaquium-ellipticum","era_ad","publish","https://era-india.org/wp-content/uploads/2022/06/07-Palaquium_ellipticum_in_Anamalais_IMG_20201208_105724-ArjunSingh.jpg",,"standard","closed","closed",,"0","0","South Western Ghats montane rainforests","Palaquium ellipticum",,"2074",,,,,,"Palaquium ellipticum",,,,,,,,,,,,,,,,,,,,,,
"Panicum turgidum","4340",,,"2022-06-15 13:06:56","panicum-turgidum","era_ad","publish","https://era-india.org/wp-content/uploads/2022/06/6.Panicumturgidum-PradipKrishen.jpg",,"standard","closed","closed",,"0","0","Aravalli west thorn scrub forests","Panicum turgidum",,"2099",,,,,,"Panicum turgidum",,,,,,,,,,,,,,,,,,,,,,
"Pavetta crassicaulis","4341",,,"2022-06-15 13:06:57","pavetta-crassicaulis","era_ad","publish","https://era-india.org/wp-content/uploads/2022/06/Pavetta_crassicaulis_flowers_in_Hyderabad_W_IMG_8712.jpg",,"standard","closed","closed",,"0","0","North Western Ghats Moist Deciduous forests","Pavetta crassicaulis",,"29,1551,1586,2582,2588",,,,,,"Pavetta crassicaulis",,,,,,,,,,,,,,,,,,,,,,
"Pennisetum divisum","4342",,,"2022-06-15 13:07:01","pennisetum-divisum","era_ad","publish","https://era-india.org/wp-content/uploads/2022/06/2.Pennisetumdivisum-PradipKrishen.jpg",,"standard","closed","closed",,"0","0","Aravalli west thorn scrub forests","Pennisetum divisum",,"2099",,,,,,"Pennisetum divisum",,,,,,,,,,,,,,,,,,,,,,
"Phyllanthus polyphyllus","4343",,,"2022-06-15 13:07:01","phyllanthus-polyphyllus","era_ad","publish","https://era-india.org/wp-content/uploads/2022/06/Phyllanthus_polyphyllus_07.jpg",,"standard","closed","closed",,"0","0","Deccan Thorn Scrub forests","Phyllanthus polyphyllus",,"29,1551,1586,2582,2588",,,,,,"Phyllanthus polyphyllus",,,,,,,,,,,,,,,,,,,,,,
"Poeciloneuron indicum","4344",,,"2022-06-15 13:07:03","poeciloneuron-indicum","era_ad","publish","https://era-india.org/wp-content/uploads/2022/06/Putankolli_15583841843.jpg",,"standard","closed","closed",,"0","0","North Western Ghats montane rainforests","Poeciloneuron indicum",,"29,1551,1586,2582,2588",,,,,,"Poeciloneuron indicum",,,,,,,,,,,,,,,,,,,,,,
"Polyalthia simiarum","4345",,,"2022-06-15 13:07:04","polyalthia-simiarum","era_ad","publish","https://era-india.org/wp-content/uploads/2022/06/7-PolyalthiasimiarumKari-NoopurBorawake.jpg",,"standard","closed","closed",,"0","0","Eastern Himalayan broadleaf forests","Polyalthia simiarum",,"2098",,,,,,"Polyalthia simiarum",,,,,,,,,,,,,,,,,,,,,,
"Polygala japonica","4346",,,"2022-06-15 13:07:05","polygala-japonica","era_ad","publish","https://era-india.org/wp-content/uploads/2022/06/Drosera_peltata_plant2_15406307542.jpg",,"standard","closed","closed",,"0","0","South Western Ghats montane rainforests","Polygala japonica",,"29,1551,1586,2582,2588",,,,,,"Polygala japonica",,,,,,,,,,,,,,,,,,,,,,
"Premna tomentosa","4347",,,"2022-06-15 13:07:08","premna-tomentosa","era_ad","publish","https://era-india.org/wp-content/uploads/2022/06/Premna_tomentosa.jpg",,"standard","closed","closed",,"0","0","Deccan Thorn Scrub forests","Premna tomentosa",,"29,1551,1586,2582,2588",,,,,,"Premna tomentosa",,,,,,,,,,,,,,,,,,,,,,
"Prunus ceylanica","4348",,,"2022-06-15 13:07:10","prunus-ceylanica","era_ad","publish","https://era-india.org/wp-content/uploads/2022/06/8-Prunusceylanica-NoopurBorawake.jpg",,"standard","closed","closed",,"0","0","Eastern Himalayan broadleaf forests","Prunus ceylanica",,"2098",,,,,,"Prunus ceylanica",,,,,,,,,,,,,,,,,,,,,,
"Pterocarpus marsupium","4349",,,"2022-06-15 13:07:10","pterocarpus-marsupium","era_ad","publish","https://era-india.org/wp-content/uploads/2022/06/Bija_2139120746.jpg",,"standard","closed","closed",,"0","0","South Deccan Plateau Dry Deciduous forests","Pterocarpus marsupium",,"29,1551,1586,2582,2588",,,,,,"Pterocarpus marsupium",,,,,,,,,,,,,,,,,,,,,,
"Pterolobium hexapetalum","4350",,,"2022-06-15 13:07:11","pterolobium-hexapetalum","era_ad","publish","https://era-india.org/wp-content/uploads/2022/06/Pterolobium_hexapetalum_Camp_Siege_in_Talakona_forest_AP_W_IMG_8365.jpg",,"standard","closed","closed",,"0","0","South Deccan Plateau Dry Deciduous forests","Pterolobium hexapetalum",,"29,1551,1586,2582,2588",,,,,,"Pterolobium hexapetalum",,,,,,,,,,,,,,,,,,,,,,
"Pterospermum suberifolium","4351",,,"2022-06-15 13:07:13","pterospermum-suberifolium","era_ad","publish","https://era-india.org/wp-content/uploads/2022/06/Pterospermum_suberifolium_L._Willd._48926862608.jpg",,"standard","closed","closed",,"0","0","East Deccan Dry Evergreen forests","Pterospermum suberifolium",,"29,1551,1586,2582,2588",,,,,,"Pterospermum suberifolium",,,,,,,,,,,,,,,,,,,,,,
"Reissantia indica","4352",,,"2022-06-15 13:07:16","reissantia-indica","era_ad","publish","https://era-india.org/wp-content/uploads/2022/06/Reissantia_indica_10.jpg",,"standard","closed","closed",,"0","0","East Deccan Dry Evergreen forests","Reissantia indica",,"29,1551,1586,2582,2588",,,,,,"Reissantia indica",,,,,,,,,,,,,,,,,,,,,,
"Rhododendron arboreum","4353",,,"2022-06-15 13:07:18","rhododendron-arboreum","era_ad","publish","https://era-india.org/wp-content/uploads/2022/06/Rhododendron_arboreum_leaves_close_up.jpg",,"standard","closed","closed",,"0","0","South Western Ghats montane rainforests","Rhododendron arboreum",,"29,1551,1586,2582,2588",,,,,,"Rhododendron arboreum",,,,,,,,,,,,,,,,,,,,,,
"Saccharum benghalense","4354",,,"2022-06-15 13:07:19","saccharum-benghalense","era_ad","publish","https://era-india.org/wp-content/uploads/2022/06/1.Saccharumbenghalense-PradipKrishen.jpg",,"standard","closed","closed",,"0","0","Aravalli west thorn scrub forests","Saccharum benghalense",,"2099",,,,,,"Saccharum benghalense",,,,,,,,,,,,,,,,,,,,,,
"Salvadora persica","4355",,,"2022-06-15 13:07:20","salvadora-persica","era_ad","publish","https://era-india.org/wp-content/uploads/2022/06/2.Salvadorapersica-ArjunSingh.jpg",,"standard","closed","closed",,"0","0","Deccan thorn scrub forests","Salvadora persica",,"2089",,,,,,"Salvadora persica",,,,,,,,,,,,,,,,,,,,,,
"Sarcostemma acidum","4356",,,"2022-06-15 13:07:21","sarcostemma-acidum","era_ad","publish","https://era-india.org/wp-content/uploads/2022/06/Sarcostemmaacidum-PradipKrishen.jpg",,"standard","closed","closed",,"0","0","Thar Desert","Sarcostemma acidum",,"2096",,,,,,"Sarcostemma acidum",,,,,,,,,,,,,,,,,,,,,,
"Schefflera venulosa","4357",,,"2022-06-15 13:07:23","schefflera-venulosa","era_ad","publish","https://era-india.org/wp-content/uploads/2022/06/Schefflera_venulosa_03a.jpg",,"standard","closed","closed",,"0","0","North Western Ghats montane rainforests","Schefflera venulosa",,"29,1551,1586,2582,2588",,,,,,"Schefflera venulosa",,,,,,,,,,,,,,,,,,,,,,
"Schleichera oleosa","4358",,,"2022-06-15 13:07:24","schleichera-oleosa","era_ad","publish","https://era-india.org/wp-content/uploads/2022/06/madhavanSouthWesternGhatsMoistDeciduousForests.jpg",,"standard","closed","closed",,"0","0","South Western Ghats Moist Deciduous forests","Schleichera oleosa",,"29,1551,1586,2582,2588",,,,,,"Schleichera oleosa",,,,,,,,,,,,,,,,,,,,,,
"Sericostoma pauciflorum","4359",,,"2022-06-15 13:07:25","sericostoma-pauciflorum","era_ad","publish","https://era-india.org/wp-content/uploads/2022/06/7.sericostoma-PradipKrishen.jpg",,"standard","closed","closed",,"0","0","Aravalli west thorn scrub forests","Sericostoma pauciflorum",,"2099",,,,,,"Sericostoma pauciflorum",,,,,,,,,,,,,,,,,,,,,,
"Smilax zeylanica","4360",,,"2022-06-15 13:07:26","smilax-zeylanica","era_ad","publish","https://era-india.org/wp-content/uploads/2022/06/Smilax_zeylanica_fruits.jpg",,"standard","closed","closed",,"0","0","South Western Ghats Moist Deciduous forests","Smilax zeylanica",,"29,1551,1586,2582,2588",,,,,,"Smilax zeylanica",,,,,,,,,,,,,,,,,,,,,,
"Solanum verbascifolium","4361",,,"2022-06-15 13:07:27","solanum-verbascifolium","era_ad","publish","https://era-india.org/wp-content/uploads/2022/06/Solanum_mauritianum_49090743062.jpg",,"standard","closed","closed",,"0","0","South Western Ghats Moist Deciduous forests","Solanum verbascifolium",,"29,1551,1586,2582,2588",,,,,,"Solanum verbascifolium",,,,,,,,,,,,,,,,,,,,,,
"Sophora Galuca","4362",,,"2022-06-15 13:07:29","sophora-galuca","era_ad","publish","https://era-india.org/wp-content/uploads/2022/06/08-Sophoragaluca-ArjunSingh.jpg",,"standard","closed","closed",,"0","0","South Western Ghats montane rainforests","Sophora Galuca",,"2085",,,,,,"Sophora Galuca",,,,,,,,,,,,,,,,,,,,,,
"Sterculia urens","4363",,,"2022-06-15 13:07:30","sterculia-urens","era_ad","publish","https://era-india.org/wp-content/uploads/2022/06/ERN_Kullu_vijaydhasmana-VijayDhasmana.jpg",,"standard","closed","closed",,"0","0","Aravalli west thorn scrub forests","Sterculia urens",,"1957",,,,,,"Sterculia urens",,,,,,,,,,,,,,,,,,,,,,
"Stereospermum colais","4364",,,"2022-06-15 13:07:31","stereospermum-colais","era_ad","publish","https://era-india.org/wp-content/uploads/2022/06/Zinghal_in_Mizo_5663795408.jpg",,"standard","closed","closed",,"0","0","North Western Ghats Moist Deciduous forests","Stereospermum colais",,"29,1551,1586,2582,2588",,,,,,"Stereospermum colais",,,,,,,,,,,,,,,,,,,,,,
"Stereospermum personatum","4365",,,"2022-06-15 13:07:32","stereospermum-personatum","era_ad","publish","https://era-india.org/wp-content/uploads/2022/06/Stereospermumpersonatum-min-VArun.jpg",,"standard","closed","closed",,"0","0","South Deccan Plateau dry deciduous forests","Stereospermum personatum",,,,,,,,"Stereospermum personatum",,,,,,,,,,,,,,,,,,,,,,
"Stobilanthes sp.","4366",,,"2022-06-15 13:07:32","stobilanthes-sp","era_ad","publish","https://era-india.org/wp-content/uploads/2022/06/09-Stobilanthessp-ArjunSingh.jpg",,"standard","closed","closed",,"0","0","South Western Ghats montane rainforests","Stobilanthes sp.",,"2085",,,,,,"Stobilanthes sp.",,,,,,,,,,,,,,,,,,,,,,
"Streblus asper","4367",,,"2022-06-15 13:07:34","streblus-asper","era_ad","publish","https://era-india.org/wp-content/uploads/2022/06/Streblus_asper_Jaldapara_WLS_AJT_Johnsingh.jpg",,"standard","closed","closed",,"0","0","East Deccan Dry Evergreen forests","Streblus asper",,"29,1551,1586,2582,2588",,,,,,"Streblus asper",,,,,,,,,,,,,,,,,,,,,,
"Strychnos minor","4368",,,"2022-06-15 13:07:35","strychnos-minor","era_ad","publish","https://era-india.org/wp-content/uploads/2022/06/climbers.jpg",,"standard","closed","closed",,"0","0","East Deccan Dry Evergreen forests","Strychnos minor",,"29,1551,1586,2582,2588",,,,,,"Strychnos minor",,,,,,,,,,,,,,,,,,,,,,
"Syzygium Cumini","4369",,,"2022-06-15 13:07:36","syzygium-cumini","era_ad","publish","https://era-india.org/wp-content/uploads/2022/06/10-Syzygiumcumini-ArjunSingh.jpg",,"standard","closed","closed",,"0","0","South Western Ghats montane rainforests","Syzygium Cumini",,"2085",,,,,,"Syzygium Cumini",,,,,,,,,,,,,,,,,,,,,,
"Syzygium densiflorum","4370",,,"2022-06-15 13:07:37","syzygium-densiflorum","era_ad","publish","https://era-india.org/wp-content/uploads/2022/06/Syzygium-densiflorum.jpg",,"standard","closed","closed",,"0","0","South Western Ghats montane rainforests","Syzygium densiflorum",,"29,1551,1586,2582,2588",,,,,,"Syzygium densiflorum",,,,,,,,,,,,,,,,,,,,,,
"Terminalia bellirica","4371",,,"2022-06-15 13:07:38","terminalia-bellirica","era_ad","publish","https://era-india.org/wp-content/uploads/2022/06/Terminalia_bellerica_AJT_Johnsingh.jpg",,"standard","closed","closed",,"0","0","South Western Ghats Moist Deciduous forests","Terminalia bellirica",,"29,1551,1586,2582,2588",,,,,,"Terminalia bellirica",,,,,,,,,,,,,,,,,,,,,,
"Tetrameles nudiflora","4372",,,"2022-06-15 13:07:41","tetrameles-nudiflora","era_ad","publish","https://era-india.org/wp-content/uploads/2022/06/9-TetramelesnudifloraBhelu-NoopurBorawake.jpg",,"standard","closed","closed",,"0","0","Eastern Himalayan broadleaf forests","Tetrameles nudiflora",,"2098,2107",,,,,,"Tetrameles nudiflora",,,,,,,,,,,,,,,,,,,,,,
"Utricularia arcuata","4373",,,"2022-06-15 13:07:41","utricularia-arcuata","era_ad","publish","https://era-india.org/wp-content/uploads/2022/06/Utricularia-AparnaWatve.jpg",,"standard","closed","closed",,"0","0","North Western Ghats Moist Deciduous forests,North Western Ghats montane rainforests","Utricularia arcuata",,"2083",,,,,,"Utricularia arcuata",,,,,,,,,,,,,,,,,,,,,,
"Vatica lanceifolia","4374",,,"2022-06-15 13:07:42","vatica-lanceifolia","era_ad","publish","https://era-india.org/wp-content/uploads/2022/06/10-VaticalanceifoliaMorhal-NoopurBorawake.jpg",,"standard","closed","closed",,"0","0","Eastern Himalayan broadleaf forests","Vatica lanceifolia",,"2098",,,,,,"Vatica lanceifolia",,,,,,,,,,,,,,,,,,,,,,
"Ventilago maderaspatana","4375",,,"2022-06-15 13:07:42","ventilago-maderaspatana","era_ad","publish","https://era-india.org/wp-content/uploads/2022/06/Ventilago_maderaspatana_01.jpg",,"standard","closed","closed",,"0","0","South Deccan Plateau Dry Deciduous forests","Ventilago maderaspatana",,"29,1551,1586,2582,2588",,,,,,"Ventilago maderaspatana",,,,,,,,,,,,,,,,,,,,,,
"Viburnum cylindricum","4376",,,"2022-06-15 13:07:43","viburnum-cylindricum","era_ad","publish","https://era-india.org/wp-content/uploads/2022/06/Viburnum_cylindricum_-_Flickr_-_peganum_1.jpg",,"standard","closed","closed",,"0","0","South Western Ghats montane rainforests","Viburnum cylindricum",,"29,1551,1586,2582,2588",,,,,,"Viburnum cylindricum",,,,,,,,,,,,,,,,,,,,,,
"Villebrunea  integrifolia","4377",,,"2022-06-15 13:07:46","villebrunea-integrifolia","era_ad","publish","https://era-india.org/wp-content/uploads/2022/06/Villebrunea_integrifolia_DSCN8618.jpg",,"standard","closed","closed",,"0","0","South Western Ghats montane rainforests","Villebrunea  integrifolia",,"29,1551,1586,2582,2588",,,,,,"Villebrunea integrifolia",,,,,,,,,,,,,,,,,,,,,,
"Walsura trifoliata","4378",,,"2022-06-15 13:07:47","walsura-trifoliata","era_ad","publish","https://era-india.org/wp-content/uploads/2022/06/walsura.jpg",,"standard","closed","closed",,"0","0","Deccan Thorn Scrub forests","Walsura trifoliata",,"29,1551,1586,2582,2588",,,,,,"Walsura trifoliata",,,,,,,,,,,,,,,,,,,,,,
"Wendlandia thyrsoidea","4379",,,"2022-06-15 13:07:48","wendlandia-thyrsoidea","era_ad","publish","https://era-india.org/wp-content/uploads/2022/06/Flower_of_a_tree_seen_on_the_hill_top_of_Ranipuram.jpg",,"standard","closed","closed",,"0","0","North Western Ghats montane rainforests","Wendlandia thyrsoidea",,"29,1551,1586,2582,2588",,,,,,"Wendlandia thyrsoidea",,,,,,,,,,,,,,,,,,,,,,
"Wrightia arborea","4380",,,"2022-06-15 13:07:49","wrightia-arborea","era_ad","publish","https://era-india.org/wp-content/uploads/2022/06/ERN_Wrigthiaarborea-VijayDhasmana.jpg",,"standard","closed","closed",,"0","0","Aravalli west thorn scrub forests","Wrightia arborea",,"1957",,,,,,"Wrightia arborea",,,,,,,,,,,,,,,,,,,,,,
"Xanthophyllum flavescens","4381",,,"2022-06-15 13:07:49","xanthophyllum-flavescens","era_ad","publish","https://era-india.org/wp-content/uploads/2022/06/Xanthophyllum_arnottianum_Wight_49104606513.jpg",,"standard","closed","closed",,"0","0","South Western Ghats montane rainforests","Xanthophyllum flavescens",,"29,1551,1586,2582,2588",,,,,,"Xanthophyllum flavescens",,,,,,,,,,,,,,,,,,,,,,
"Xantolis tomentosa","4382",,,"2022-06-15 13:07:51","xantolis-tomentosa","era_ad","publish","https://era-india.org/wp-content/uploads/2022/06/Kantabohul_in_Hindi_5460395995.jpg",,"standard","closed","closed",,"0","0","North Western Ghats montane rainforests","Xantolis tomentosa",,"29,1551,1586,2582,2588",,,,,,"Xantolis tomentosa",,,,,,,,,,,,,,,,,,,,,,
"Xylia xylocarpa","4383",,,"2022-06-15 13:07:53","xylia-xylocarpa","era_ad","publish","https://era-india.org/wp-content/uploads/2022/06/Xylia_xylocarpa_4227254727.jpg",,"standard","closed","closed",,"0","0","North Western Ghats Moist Deciduous forests","Xylia xylocarpa",,"29,1551,1586,2582,2588",,,,,,"Xylia xylocarpa",,,,,,,,,,,,,,,,,,,,,,
"Ziziphus oenoplia","4384",,,"2022-06-15 13:07:54","ziziphus-oenoplia","era_ad","publish","https://era-india.org/wp-content/uploads/2022/06/Ziziphus_oenoplia-Fruits.jpg",,"standard","closed","closed",,"0","0","South Deccan Plateau Dry Deciduous forests","Ziziphus oenoplia",,"29,1551,1586,2582,2588",,,,,,"Ziziphus oenoplia",,,,,,,,,,,,,,,,,,,,,,
"Ziziphus xylopyrus","4385",,,"2022-06-15 13:07:55","ziziphus-xylopyrus","era_ad","publish","https://era-india.org/wp-content/uploads/2022/06/Ziziphus_xylopyrus_AJTJ_DSCN0180.jpg",,"standard","closed","closed",,"0","0","Deccan Thorn Scrub forests","Ziziphus xylopyrus",,"29,1551,1586,2582,2588",,,,,,"Ziziphus xylopyrus",,,,,,,,,,,,,,,,,,,,,,
"Dichanthium annulatum","4914",,,"2022-06-23 12:21:47","dichanthium-annulatum","arjun@ncf-india.org","publish","https://era-india.org/wp-content/uploads/2022/06/1-Dichanthium-annulatum_AN-Ankila-Hiremath.jpg",,"standard","closed","closed",,"0","0","Aravalli west thorn scrub forests,Rann of Kutch seasonal salt marsh",,,"4908",,,,,,"Dichanthium annulatum",,,,,,,,,,,,,,,,,,,,,,
"Desmostachya bipinnata","4917",,,"2022-06-23 12:26:47","desmostachya-bipinnata","arjun@ncf-india.org","publish","https://era-india.org/wp-content/uploads/2022/06/2-Desmostachya-bipinnata_AN-Ankila-Hiremath.jpg",,"standard","closed","closed",,"0","0","Aravalli west thorn scrub forests,Rann of Kutch seasonal salt marsh",,,"4908",,,,,,"Desmostachya bipinnata",,,,,,,,,,,,,,,,,,,,,,
"Sporobolus coromandelinius","4919",,,"2022-06-23 12:28:37","sporobolus-coromandelinius","arjun@ncf-india.org","publish","https://era-india.org/wp-content/uploads/2022/06/3-Sporobolus-coromandelinius_AN-Ankila-Hiremath.jpg",,"standard","closed","closed",,"0","0","Aravalli west thorn scrub forests,Rann of Kutch seasonal salt marsh",,,"4908",,,,,,"Sporobolus coromandelinius",,,,,,,,,,,,,,,,,,,,,,
"Eragrostis ciliaris","4921",,,"2022-06-23 12:30:02","eragrostis-ciliaris","arjun@ncf-india.org","publish","https://era-india.org/wp-content/uploads/2022/06/4-Eragrostis-ciliaris_AN-Ankila-Hiremath.jpg",,"standard","closed","closed",,"0","0","Aravalli west thorn scrub forests,Rann of Kutch seasonal salt marsh",,,"4908",,,,,,"Eragrostis ciliaris",,,,,,,,,,,,,,,,,,,,,,
"Dactyloctenium aegypticum","4923",,,"2022-06-23 12:31:21","dactyloctenium-aegypticum","arjun@ncf-india.org","publish","https://era-india.org/wp-content/uploads/2022/06/5-Dactyloctenium-aegypticum_AN-Ankila-Hiremath.jpg",,"standard","closed","closed",,"0","0","Aravalli west thorn scrub forests,Rann of Kutch seasonal salt marsh",,,"4908",,,,,,"Dactyloctenium aegypticum",,,,,,,,,,,,,,,,,,,,,,
"Ischaemum travancorense","4925",,,"2022-06-23 12:33:04","ischaemum-travancorense","arjun@ncf-india.org","publish","https://era-india.org/wp-content/uploads/2022/06/6-Ischaemum-travancorense_AN-Ankila-Hiremath.jpg",,"standard","closed","closed",,"0","0","Aravalli west thorn scrub forests,Rann of Kutch seasonal salt marsh",,,"4908",,,,,,"Ischaemum travancorense",,,,,,,,,,,,,,,,,,,,,,
"Urochondra setulosa","4927",,,"2022-06-23 12:34:28","urochondra-setulosa","arjun@ncf-india.org","publish","https://era-india.org/wp-content/uploads/2022/06/7-Urochondra-setulosa-_AN-Ankila-Hiremath.jpg",,"standard","closed","closed",,"0","0","Aravalli west thorn scrub forests,Rann of Kutch seasonal salt marsh",,,"4908",,,,,,"Urochondra setulosa",,,,,,,,,,,,,,,,,,,,,,
"Punyak","4961",,,"2022-06-23 15:39:16","punyak","arjun@ncf-india.org","publish","https://era-india.org/wp-content/uploads/2022/06/1.Punyak-rita-banerji1.jpg",,"standard","closed","closed",,"0","0",,"Punyak",,"2107",,,,,,"Punyak",,,,,,,,,,,,,,,,,,,,,,
"Choerospondias axillaris (Heemuk)","4963",,,"2022-06-23 15:42:08","choerospondias-axillaris","arjun@ncf-india.org","publish","https://era-india.org/wp-content/uploads/2022/06/2.Choerospondias-axillaris_Heemuk-rita-banerji.jpg",,"standard","closed","closed",,"0","0",,"Heemuk",,"2107",,,,,,"Choerospondias axillaris (Heemuk)",,,,,,,,,,,,,,,,,,,,,,
"Cotton Tree (Jaohpo)","4966",,,"2022-06-23 15:45:05","cotton-tree-jaohpo","arjun@ncf-india.org","publish","https://era-india.org/wp-content/uploads/2022/06/3.Cotton-Tree_Jaohpo-rita-banerji.jpg",,"standard","closed","closed",,"0","0",,"Cotton Tree (Jaohpo)",,"2107",,,,,,"Cotton Tree (Jaohpo)",,,,,,,,,,,,,,,,,,,,,,
"Borpat","4972",,,"2022-06-23 15:55:47","borpat","arjun@ncf-india.org","publish","https://era-india.org/wp-content/uploads/2022/06/5.Borpat-Tree-rita-banerji-1.jpg",,"standard","closed","closed",,"0","0",,"Borpat",,"2107",,,,,,"Borpat",,,,,,,,,,,,,,,,,,,,,,
"Dhuna Tree","4976",,,"2022-06-23 15:58:38","dhuna-tree","arjun@ncf-india.org","publish","https://era-india.org/wp-content/uploads/2022/06/6.Dhuna-Tree-rita-banerji-1.jpg",,"standard","closed","closed",,"0","0",,"Dhuna Tree",,"2107",,,,,,"Dhuna Tree",,,,,,,,,,,,,,,,,,,,,,
"Teeta Chap","4980",,,"2022-06-23 17:04:20","teeta-chap","arjun@ncf-india.org","publish","https://era-india.org/wp-content/uploads/2022/06/7.Teeta-Chap-rita-banerji.jpg",,"standard","closed","closed",,"0","0",,"Teeta Chap",,"2107",,,,,,"Teeta Chap",,,,,,,,,,,,,,,,,,,,,,
"Elephant Apple Tree","4982",,,"2022-06-23 17:07:12","elephant-apple-tree","arjun@ncf-india.org","publish","https://era-india.org/wp-content/uploads/2022/06/8.Elephant-Apple-Tree-rita-banerji.jpg",,"standard","closed","closed",,"0","0",,"Elephant Apple Tree",,"2107",,,,,,"Elephant Apple Tree",,,,,,,,,,,,,,,,,,,,,,
"Kari Badam","4984",,,"2022-06-23 17:08:44","kari-badam","arjun@ncf-india.org","publish","https://era-india.org/wp-content/uploads/2022/06/9.-Kari-Badam-rita-banerji.jpg",,"standard","closed","closed",,"0","0",,"Kari Badam",,"2107",,,,,,"Kari Badam",,,,,,,,,,,,,,,,,,,,,,
"Rudraksha","4986",,,"2022-06-23 17:11:00","rudraksha","arjun@ncf-india.org","publish","https://era-india.org/wp-content/uploads/2022/06/10.Rudraksha-Tree-rita-banerji.jpg",,"standard","closed","closed",,"0","0",,"Rudraksha",,"2107",,,,,,"Rudraksha",,,,,,,,,,,,,,,,,,,,,,
